id,price
2591820310,379318.88
7974200820,881343.0
7701450110,1111457.4
9522300010,1623955.4
9510861140,753221.5
1761300310,240835.69
7732410120,774880.06
7010701383,633056.44
291310170,412481.0
4232901990,574676.5
6840701125,607213.9
3971700580,390184.0
4202400078,246382.89
6064800090,326941.1
2626119028,196407.7
3303980660,1039554.06
862000020,881268.2
2386000070,993953.1
1138000450,358384.62
1775800420,458191.06
2291401425,450038.56
2025770560,814077.25
3525069037,640630.5
9324800450,492737.9
8080400136,546814.8
8651540040,513224.66
9407001790,251484.27
1773101530,159138.92
9432900250,329923.88
1794500695,649809.9
2220069003,332449.34
923000120,477407.16
5728000060,544951.6
16000200,241093.98
1926059094,437036.34
6672900220,1002644.4
3629860060,828705.75
1822069109,393897.38
6675500105,382782.06
249000180,1887583.5
226059065,515272.66
396100110,261498.3
9264450460,332654.22
7853361210,400719.75
9474700020,296322.2
421000455,241526.86
3755200220,426492.4
7960100075,462276.44
9477100490,407539.38
9138100350,730343.25
1624049275,456764.4
2770606890,482108.25
1157200189,368038.2
2770601800,558507.2
9301300805,555881.6
2325069032,1292060.6
1021079099,361475.97
7215730040,755184.4
1853200080,485357.38
3224600340,706317.2
3222049120,401911.53
2113700025,271737.94
7893207925,225186.12
3586501085,585962.94
8024200010,384847.94
7116500705,184098.19
1598600209,327808.72
7204200025,716197.94
4206901505,566855.75
2937300440,920418.6
7205000180,342434.4
8718500665,354326.2
5318101765,995532.6
4122700020,964449.75
8078700020,475638.44
3303980680,924041.3
8924100372,1106835.0
2781270210,210447.69
519000043,528669.0
3225069301,1295152.2
151000075,761131.3
2297400020,424273.78
6617500085,620725.56
104510180,245275.86
3528900060,1002046.94
3345100286,552035.1
1226039130,431339.97
8712100720,755554.6
3037200010,368386.53
3626039268,408595.6
104510230,253672.88
5112800060,399270.16
6072400280,649557.06
5317100570,1201803.0
9528102993,477286.5
2919201095,513868.7
6181400920,243789.88
185000161,245405.72
8691400010,736792.7
3345700165,550152.56
6151800486,233564.88
4340000080,1137923.4
4136960010,520169.03
3634100030,310652.94
1624059224,1133329.2
2788400090,244701.34
9828200762,426860.66
7524400250,545688.56
3528000290,735924.0
5700003630,1929319.0
2720069019,316910.25
7227501170,234443.69
2397101270,619529.75
6792100090,735849.6
2770602265,540351.44
3971700937,293557.8
422049203,213463.73
3076500830,282393.88
1423400260,278121.28
9161100795,452942.8
3126049052,488257.56
5100401468,395278.03
514500235,456114.5
1423200170,189272.36
1402100070,412553.38
624110020,752940.7
2407000145,214089.22
1890000225,774949.56
1320069271,347457.62
5490700085,338229.7
263000155,457863.44
3726800201,401758.62
5153200358,309453.9
2725079018,766836.2
7165700200,269143.34
9429000170,549460.94
8718500075,390910.7
1760650950,309922.0
1068000559,1139528.5
4113800500,649023.94
4077800507,548795.9
2725069150,711772.06
4008400035,678287.56
7016310270,429790.3
1432701230,216265.86
3278606050,325946.75
2473350710,386663.84
2185000685,159470.42
7792000025,397366.66
6868200029,476745.6
624069003,757816.25
7431500280,861622.4
3296000040,523552.78
1118001215,1654453.9
6453900040,760348.5
333100209,701830.5
34001765,665136.56
8946700100,371815.12
5561401210,598600.25
6671900095,361791.53
3275850020,713885.56
3876300600,413313.44
1450900020,268176.66
8562780280,324650.28
7663700973,331465.4
2126049032,375009.8
1823059159,194318.4
3438503426,265733.62
9297301495,485459.22
7140700850,370716.1
7942601805,690386.5
2555900030,365972.47
2887970040,245286.39
7419700010,632087.56
2239000011,366419.8
9283800050,354839.2
9407001340,265979.8
217500140,495850.5
7212660520,242032.98
3298201170,371478.06
3057000400,281384.16
6865200444,495430.3
6071600340,506879.3
6821600005,675759.8
1235100371,763799.2
7796450340,350851.03
3603000410,149182.08
9297300255,529756.1
9126100850,508620.12
2770601462,502075.0
2599001500,213945.11
1102000095,741500.0
1853080640,918071.8
9551201585,891051.9
3438500796,325021.4
7518504291,527788.44
9269200340,406023.3
715010130,1605456.8
1982201485,614219.8
9526500080,382775.47
9277200180,466052.34
6669150280,285417.9
8917100153,597189.6
3760500516,1048265.06
2725069050,908733.8
3332000091,339674.28
8562770080,588812.0
8151601190,254492.61
8563040160,627734.7
240000269,652113.7
4307350200,305497.66
1311910300,259630.88
3574900030,516759.34
7853230570,410126.72
320069049,344502.6
9839301060,621078.5
7011201333,581598.7
2781320100,278054.2
3421069120,471941.47
7852030320,446155.78
5316101075,2281710.0
5309100750,543690.2
629000730,755079.25
511700170,309574.34
1562100030,526203.75
2489200230,631330.94
524069116,473884.4
5315100737,989778.8
1868900675,877090.2
1608000120,335207.3
705700240,355852.44
7575600610,266422.3
1778500015,782940.44
5423500240,204520.78
6713700025,361806.38
2734100734,272362.16
301402280,190080.39
2113700205,287514.12
4114601570,3360181.5
3332000615,333028.78
3630050180,337861.22
6852700520,533255.1
6870310010,666921.44
6163900981,293987.3
393000142,400061.8
1771100130,335427.0
1442860160,400750.7
9191200435,556034.4
6788200800,859509.9
1115300070,705117.9
3176600105,736252.5
2770604665,571814.56
5469500580,403044.62
5680000545,485399.94
3424089119,506512.06
1328300180,338997.62
1773100922,336239.56
4123830480,325186.06
9808610190,898374.56
4250200140,275843.0
4217402115,3820628.5
3831250350,373623.66
2397101055,895497.06
6817850110,798087.2
7526800200,648509.75
7853370100,654420.6
2523089025,920330.9
9476200680,246439.06
5714200140,404094.56
3575304895,561699.9
263000018,410450.3
8080400177,535246.25
6450304130,315217.16
514500090,577371.56
9477000300,443944.5
853600310,1308899.1
1951600240,198045.97
1099900120,349021.53
5323100120,561308.44
1223089016,430812.53
522059172,263864.12
1930300190,664795.4
9542840410,306034.78
8665050530,493398.1
5592900205,347318.16
5450300010,638816.7
2459960030,343626.8
3331500455,564817.56
3432500705,419111.72
3702900165,315383.75
5249803550,626425.0
626049058,420341.0
1788900380,166218.06
8075400360,219107.9
9113200250,717433.94
2738640040,657389.4
7821200307,462130.97
3530440140,229949.9
3582700130,450800.6
9276200569,693257.8
7197800020,585572.44
686200490,511062.9
3501600100,399677.8
6383000690,574764.75
7604400150,358906.56
5249801411,660701.0
2607720420,460100.62
9561100010,382674.0
1796370590,244888.11
4077800593,364880.25
854000165,254506.94
5536100010,804611.4
4188000670,814200.7
31000165,1344384.1
662350050,909589.56
4137000280,279912.88
6169901130,1159347.1
1953400510,244136.08
7518506716,969720.56
1552520010,378108.97
7955080270,332384.03
9212900100,529412.7
3438500798,322456.4
7899800890,237242.77
4319200605,489036.72
1329300480,367864.84
8935100100,737284.7
5016001260,417672.1
4337600280,295911.28
1446401220,188070.05
7135521530,663510.25
6888900115,226463.02
2413301070,286423.8
345700040,287812.6
5566100145,453672.53
7634800070,393249.16
9346910500,682345.2
3529300060,306580.47
8128600060,1099304.0
8572900275,222411.33
4139420590,1468073.0
9274200322,591034.25
1472700200,589283.9
8820903380,475410.3
8563010130,912348.75
8965450110,832990.06
9274204230,536809.5
8165501700,335907.84
2193340260,568494.5
1860600290,889501.56
1222000055,205695.8
2492200280,461644.7
2488200455,385100.2
809001520,1184921.0
1796361140,239696.64
6398000011,631270.1
6813600365,572625.5
7504100920,748263.44
8835770330,730055.6
524059322,838823.8
4307330280,388019.9
1245002952,1055242.1
2021069059,254041.34
5700000595,620893.7
3629970930,737651.8
3336002215,272941.25
5100401060,639986.25
3278600750,248893.33
1126069045,1123410.9
7568700175,302909.0
452001475,493066.47
9283800230,513464.53
1737300130,533895.75
6189600040,521292.34
3679400025,481454.44
1096100010,327522.8
9513900050,249922.77
5452800645,722980.9
273800100,222918.84
7228500037,477003.47
808300090,442239.44
2493200215,538238.2
5035300255,667177.1
3380900160,384886.84
3630000130,420624.9
7300400670,271659.7
6798100070,339427.53
8078400010,568881.2
5566100060,509884.28
2768200212,517708.88
4035900060,551766.7
9460000110,330883.97
7199320190,567393.9
2225039081,476972.53
9512200050,580726.9
2634500085,320909.6
3654800200,280152.16
2724079090,1321441.5
2597520720,762925.6
3034200426,368358.4
984000130,288401.7
7852020670,435586.22
7923500060,725977.4
2310030510,295603.28
2205500540,480584.22
2493200015,423500.84
7853361420,563207.1
5652600605,533301.9
5285200020,311347.53
9406530150,360294.78
5706300020,485480.03
3278602490,391779.9
7197000100,536576.6
4447300008,533796.5
7899800045,238795.4
9250900095,326942.66
9268851740,607543.44
8682261440,509973.78
7284900385,843412.94
8079040300,445528.22
2225300585,385795.66
3223039013,439384.56
2013801350,261828.95
4055701110,824584.25
3578401770,427286.7
4046500720,548209.5
6145601745,366587.25
5207200195,629421.0
1972201856,520111.5
7212680080,256518.72
7277100510,623010.0
522079022,551618.9
5605000440,895731.94
6632300230,359927.3
8815400165,631727.8
6708200320,555487.9
2426059076,607354.6
3260200200,586407.4
2770601741,492798.03
4338800500,259321.8
9201000320,847957.56
7655900038,309878.28
3625059140,588437.56
4222310010,186976.3
2114700115,313103.75
3291800710,324770.75
9406590010,393308.03
3025059124,3037336.0
7972601250,388684.3
930000470,902450.0
6690500060,520281.66
16000015,195545.92
5693501102,588403.9
8079040490,459322.88
7225000155,345376.97
8819900170,774230.06
7972601270,320089.84
1224069074,790941.3
5126900321,346660.3
3438501860,282068.72
2822069080,433355.8
1656600310,572257.56
3856900507,1338408.8
1626069139,496233.22
2524049257,1323498.5
3904960150,523748.03
7214820610,449974.2
7977201845,588648.0
2428100080,842846.06
2202500135,416979.6
1523550220,656087.9
2313900610,432639.38
4123840050,375825.4
2125059124,1231114.0
1225039067,487554.03
6431500283,483059.56
2473380010,304124.16
5694501195,411255.5
2881700046,375789.9
6837820330,326425.8
2337300370,200090.98
3876540630,224649.02
626059317,348547.88
3374500520,320710.75
7228501903,374408.75
4019300051,511723.75
4232902615,704230.1
3546000090,248463.83
8127700215,771099.8
3438501100,329721.28
1769600066,650678.0
8146100610,623810.9
3052700695,560096.75
7954310210,615879.2
3761700053,1817403.6
1320069179,333429.84
1331900410,805275.4
7303100210,352018.38
2464400285,490042.34
6163901150,354660.88
8955800045,355648.53
2314300200,408357.94
9528104360,428002.03
4177100005,605932.56
8856960260,325637.6
1828001220,617695.0
3066400710,668541.44
624110610,939086.2
4040800260,418335.03
5019500215,539715.94
2481630180,1171808.9
7203170190,680834.56
510001280,923311.94
9430110120,721713.3
1565950030,324044.34
9828202255,840794.06
3878900270,442789.3
8091600080,221252.42
1112000035,307691.47
2228900270,296321.62
6648701740,290999.0
1245003740,699051.0
2174503441,528140.9
7708250010,318018.34
6072300110,603126.0
2329800140,261663.45
1494300040,533497.25
3832050130,279834.4
7203100730,836776.0
7199330170,483787.97
7785000220,720541.44
1250201175,407497.4
4054500180,1080791.0
7905200061,439322.12
3751604895,174796.17
5220300140,302759.4
3323059027,326024.47
8651611980,867903.25
8673400190,527791.44
1668500100,799148.94
1023059365,543060.06
3308030060,341224.0
4232400860,922001.75
2144800615,236578.52
1568100920,1593478.0
9406510040,488784.03
2923049421,316370.34
1051000040,1539413.9
2077700042,707719.0
9423800030,266575.3
9818700455,680021.44
7133300675,343262.28
4113800550,640494.25
5553300375,1596505.0
2025701530,275403.5
7942601155,438817.97
7524300020,284250.4
2520069100,312865.25
5412300410,221458.89
7504110760,752439.6
2594200350,417016.2
2722059013,194986.69
8078430480,544874.2
1423069162,525713.7
8856001090,160537.34
7000100631,738881.8
4222200280,229212.72
7971300050,602252.4
2009001600,250950.23
6619910140,657647.7
2877100985,542055.25
1196000007,363247.38
1330850130,723341.56
6664900410,263397.25
1231001110,325050.25
9235900030,276148.3
9407101840,314310.3
9523103001,416968.06
2149800278,380616.88
7234601198,663775.44
9476700035,361060.47
9297301065,687343.5
518500700,846135.2
7843500090,332298.78
6056110780,295497.3
2345700260,337267.25
3509600070,239511.33
1431700280,340088.53
1623049174,278518.62
3024089049,363397.75
7853340450,391613.66
7732410360,766745.5
1446800995,318265.3
2946000285,238880.81
425079100,430204.9
3876313040,440463.62
1762600260,997363.9
1925069121,1139593.6
7443000480,880443.25
7820000015,348956.62
4027701253,496146.62
2826049165,372088.97
5426300060,984788.6
1278000210,134962.72
923000270,362234.12
7657600005,257342.02
3024079057,377281.94
3276180020,295024.25
7304300760,300919.44
3908100020,566157.2
8835400805,693703.56
4051150070,203400.98
3904930530,446296.66
6163900971,373071.78
7942600310,446860.1
4365700330,274172.34
423059207,284425.56
3992700265,340181.62
7177300090,483446.22
2540820010,647100.56
5700002510,916910.7
5201000030,593991.2
7631800015,1786262.5
2922702965,682880.3
1525059198,939279.7
1245003160,832573.06
3810000455,314995.7
7855600080,624858.8
5701500030,1145679.6
7504020400,588075.1
1402600570,315503.5
7575610760,268419.47
8731990370,341020.66
5021900090,917752.25
290000075,455454.25
2841500010,452772.62
3955900830,425894.94
7852110140,556725.75
1311400350,244891.61
7773800015,571769.3
4123400320,528493.06
2725069157,859423.0
666000143,864753.8
5101408678,504336.75
6371000026,388405.7
2024059084,622703.5
7283900036,356273.5
8881900230,749437.56
3959400135,352243.7
7696610270,221860.53
1689400150,833458.9
5103900015,397797.0
1441000350,448638.6
5101408735,361579.06
3126059027,1749934.8
2320069014,515191.1
9541600015,639006.2
8682320420,753336.44
1562200090,620391.75
3395070980,486550.25
7349600230,242689.64
522049122,258106.9
869700060,278180.97
811000055,1225887.5
1221059176,449222.12
1523059103,474005.53
2025760210,717126.8
9218400088,335834.16
8682292020,463318.06
2623089135,413470.75
3758900259,1130132.4
524069049,609743.4
3121500150,817445.9
5581400080,780594.2
8087800020,451209.62
4070700290,765200.5
3296000170,650104.9
9238500040,565867.8
2744600040,358435.2
6813600380,696677.7
6140100150,459683.97
2201500555,438502.12
2600110250,647282.06
4337000275,162147.56
1186000150,574976.3
1972201963,518303.7
1105000745,367092.06
2887700560,567699.7
4039700080,706809.75
522049104,291956.9
4202400078,246382.89
7520000695,208128.83
7714000310,384661.53
4319200060,667969.75
8624700015,582354.6
5104520610,317784.6
2354300845,299595.34
3824100291,471839.78
6151800612,259341.83
5454200080,931521.4
6413600290,339441.12
2131200065,300338.56
1459920010,282416.22
50300090,405121.72
2326300090,589124.8
7714000070,384661.53
3630180500,1001257.9
1727850340,1040280.0
8691430330,986376.1
2310030390,249361.61
5561400610,512075.72
7010701016,496396.53
7883605915,226558.72
1282300995,343568.5
4040700310,463795.94
3353400435,234936.31
2143701015,474140.72
255450020,377637.6
1020069017,326797.72
4038200120,481842.12
9284801100,294063.28
1965200075,635227.56
847100047,577691.0
4038700720,534167.2
6815100085,814944.1
2508000020,288921.72
255520180,644880.9
6822100750,604696.6
869700050,323585.44
1775801405,573136.9
6600400090,219027.69
7202330270,449788.44
1683400165,746834.06
2625069070,962655.1
7625702440,420318.16
3388000640,223315.47
1899400365,278355.6
6899990200,863226.2
5569700020,856344.3
986000045,282621.8
3293700221,296359.78
3764800250,384617.53
2291400566,376260.4
4219401236,1443281.0
4239400840,151540.19
7211400990,188350.6
7696500280,195773.94
7215721070,529520.75
3204850140,371896.7
4322200220,679344.75
2566300100,1066577.9
1944900090,449170.3
6648500390,278384.28
7385300020,739778.0
1704900135,376227.03
2877100655,802931.1
2726079098,550774.1
7625703800,488155.12
318300040,509039.88
7922800190,530831.25
2023049361,199533.42
8946400210,466529.03
6071600450,558857.25
4343800100,406773.66
1443300140,334058.44
1024039001,760753.94
2767704860,521180.0
7234600851,598818.4
644200065,825159.3
7784400035,690723.0
3826000560,213116.1
9272202260,383150.56
263000253,431652.72
3621059043,571210.7
240000130,509461.4
1352300120,204807.9
7849200861,302265.22
2487700130,531487.25
1796100140,282722.1
7234601221,554572.7
8651710190,462518.53
2916200091,595668.06
1232000915,520738.84
1545801970,286979.94
3211200420,335105.38
7686204675,200338.25
3141600210,171410.39
3959401284,509019.97
2113700825,262588.38
3876000710,415318.7
522069022,533397.5
3214200070,360998.84
1221039156,291890.9
259600790,444383.75
785000040,468552.47
8138870470,503143.44
2596300035,289517.5
540100057,1667985.0
3073500045,485738.0
5363200266,416443.88
8682261650,517851.6
3224510080,854160.9
3211270160,415663.03
9269200520,149277.0
293810190,488774.7
4197400043,330423.56
3026079031,298842.28
5332200405,1050515.9
2473411210,299233.28
9268200315,574637.0
8123500050,569722.2
3221069091,490493.1
2485000165,649428.9
4058800215,496155.16
1926059039,882644.2
2533300680,940325.6
3343903640,297270.4
5700003705,1201437.5
2023049372,403054.62
4058800830,535256.94
3333002302,409251.53
2944500340,294633.12
1982200790,524782.0
8929000270,508029.66
8122101440,295110.62
7525530470,777476.8
9332800020,659691.1
3878900525,235108.0
5420300210,271125.72
9232900165,356986.72
6414100026,396065.2
3013300660,823719.7
7954300120,575504.06
1081200360,325917.53
2877102345,456927.34
2202500255,448891.53
7984400050,218211.84
9558020380,426181.78
7812801850,219032.9
8944460020,368869.56
2306400040,580011.2
8649400410,304224.5
7889602020,244722.81
2041000025,519601.84
871001484,636073.2
2767602141,509454.12
3630180470,763234.2
2769602140,485491.62
2473250280,330010.1
5422560660,512829.3
3756600240,376976.22
8651600160,789088.6
7202300540,837564.0
8961950250,444165.97
3303000130,431326.4
798000062,274451.22
1695900150,805470.5
1604730150,533854.0
4136930310,353661.8
8835401250,1308386.1
8665900328,386542.9
9262800255,278488.34
1853080570,846920.7
5556300114,794022.56
9517200290,445206.7
4037200295,499762.4
7417100123,384003.62
2620069077,200837.55
7922720040,665985.8
558100090,474341.1
257000037,262489.25
3319500385,413615.1
9297301520,338605.03
3580900090,356148.16
1321039076,182017.06
7227801581,280611.03
9407001620,308145.75
2130400150,322313.75
2312400200,246068.23
4046700210,388081.3
1193000480,909446.44
1492800296,544036.1
3013300017,452445.44
3630240140,616556.2
1049010390,342335.47
9320900420,157297.92
4315700060,400232.78
2591010290,305899.4
323089085,633337.8
6600400270,205031.47
2919701105,484305.47
7202360670,862436.25
8927600100,819298.7
3211700045,605431.2
4027701326,492653.3
1601600195,251574.94
7853280350,728631.8
3629970130,720272.1
7203120020,804936.8
9542900190,366454.4
8035350120,477152.25
1238501184,1054841.8
251200240,474305.34
8945300200,202350.6
2162000160,1140918.1
5466310060,152819.36
1239400064,856410.5
5205000020,325242.5
1720800305,660888.8
7280300375,597744.0
2095800400,452877.56
7852010950,555335.4
1428001160,456917.75
9528104910,700896.1
8644210470,846191.7
7923300310,517953.34
254000100,634409.6
1931300688,485738.0
7007700030,458219.9
422049178,223877.14
422069067,488715.03
2923049393,371008.25
930000305,455915.34
2461900448,507920.2
2610100020,289996.66
2895550050,250136.17
7701700040,286957.78
2460900020,451059.5
9827700105,561328.75
1005000240,309474.56
7200001254,502711.75
866400040,556134.06
305000170,648052.25
2260800110,960807.0
3442000127,720916.06
5253300437,454863.47
7576700150,1015862.2
5469501410,459137.2
5104531120,649060.44
723049434,329392.88
622069006,1388980.2
2517101200,314936.22
8159620160,240533.61
5561300640,416621.84
3317010130,235505.42
4364200250,426948.6
8732300060,697972.5
5603700025,699936.25
3585900190,970306.2
3996900575,273559.1
8731801260,249869.62
3810000860,317988.03
5700003585,2001452.4
6332000050,472971.94
9286100250,420163.84
9471201110,1064574.9
9290800050,560337.7
7300200400,627885.56
526069024,981218.75
1454600156,956819.3
3904980360,521076.16
2626119062,264581.28
8651730290,445517.6
7611200195,743133.94
1919800260,620652.75
6632900354,291710.3
3972900195,311255.22
5151600170,300685.06
7016000440,437106.78
871000435,776463.9
9578060540,505081.84
2332700060,831386.1
766000240,280015.16
4363700200,319027.16
7100000250,373161.44
2781250560,214500.81
2781250100,356831.16
5419800220,262388.12
7147600245,260934.3
2926069083,902838.2
6189200125,750092.5
9542830160,301686.34
5152200020,270802.97
9412900045,466767.6
6600410480,181423.33
6979970080,556814.4
5636010280,277487.84
1732801300,837792.5
5561401530,506797.16
9578500510,369338.06
7304300906,303027.2
1223089077,631754.3
721049207,285152.38
8691330310,817848.25
1523069204,472640.06
3188100105,610158.1
6608500290,416183.03
2891400410,339918.0
7663700551,314608.72
5413200140,253340.2
425069139,626860.7
6713700155,379334.06
2767603505,484860.5
7789000080,263250.1
9211500620,211777.08
3750604417,187739.97
7922800320,547678.06
1471620240,381379.2
2222059052,363276.16
9551200270,1196810.5
2767603160,530214.5
9406710060,382675.84
8929000250,366388.72
5538300120,421766.5
2223069120,454008.4
1652500060,1800100.6
8564500240,416657.22
3629700120,638210.2
3943600070,418991.44
4171200025,295244.06
2425049063,4441675.0
9828701650,375412.38
3581000340,359527.66
8100900015,393585.3
2125059161,1055902.5
304000380,204434.98
8146200070,1507667.8
686530170,560825.75
2917200645,434035.78
9547200530,687352.6
2122059199,354023.56
1150000740,683786.1
5706200060,335292.38
9265410010,222719.95
4083800555,514149.56
6152900332,375851.2
2520900301,228820.67
9828200790,497789.3
1657530180,285661.1
7471900045,259094.12
9828200460,427122.5
1775900140,431022.94
6139800430,454682.2
7214400005,489019.47
5332200026,542672.3
9510970300,840990.5
2540830020,424797.66
3392100140,191403.2
1326069191,355512.22
2125059112,1177553.6
859000022,313194.22
8854100350,642956.94
121059007,215494.22
7977201707,511581.25
3859900060,2793784.0
8815400735,776132.2
705700530,348420.25
6600780130,356622.62
6378500105,398804.75
8143000310,501479.72
2877102330,664124.3
3526039074,623881.6
2115510300,258558.48
3024059014,2041926.2
2141330360,597915.6
546000400,493425.84
2071500011,404605.88
7972000240,216972.58
7016200460,448173.75
6204200180,455056.12
1552100135,1266255.8
88000173,419260.44
2581900235,766293.0
9211500560,216311.86
621069218,435586.22
1321970240,292310.16
798000630,348959.62
421000285,245826.17
2824600180,833476.4
3832051140,309855.8
1237500105,707994.44
8802400906,264923.4
3166900270,403242.25
3682000060,382691.53
5469700020,278762.06
1245001820,619299.94
9547205660,590113.4
7974700122,707053.1
7550801225,615165.4
1099950050,701862.0
1402900460,316790.28
7636800041,1184767.4
2115720270,261869.4
8651441750,195234.36
3904100035,267812.2
8815400020,646822.94
3303860590,483150.78
5427110040,1120685.4
1782000160,360147.75
6204420290,485029.28
3995700245,286921.38
7955040130,461182.2
1442880650,524673.94
8833510230,791930.06
7283900551,431867.66
4396000180,268667.12
7504021310,734491.56
322059264,274370.88
3654800040,279809.34
2767704777,507331.97
3278602190,332780.5
3236500220,494158.6
3410600100,311918.47
629410180,756010.2
3352402250,153180.2
4363700304,356584.2
7237550130,1247384.1
9808590210,1166905.5
8074200175,275277.47
3463400330,414602.4
6306400140,879269.3
8564950250,511567.6
5381000070,225295.25
9826700697,480652.06
8132700190,452058.56
7943000020,162038.89
9547204675,552002.0
4112100101,494815.5
727500030,667801.0
114101426,386264.3
9274202005,782995.7
1193000380,869445.0
3039000020,528431.56
7852170130,641542.7
2624079010,605115.44
4137010540,286143.12
7576200012,903562.6
1138020020,322865.66
3969300030,214953.38
898000200,203836.16
5153100030,312083.0
5104532030,510074.94
4406000050,235793.98
9274203390,554517.2
8682290360,461041.03
6928600330,264344.2
4139680070,834595.5
6844702690,463481.12
2154970020,2207215.0
4385701285,1230339.4
2426059071,663269.2
2867300160,513501.75
9512500720,514123.1
1773101020,314754.56
8687800100,288551.1
3627800050,1628807.0
1604600227,263069.66
3300701170,397792.84
9250900111,468982.97
7015200790,600354.25
1311100490,236749.38
2469000010,982621.5
1982201596,563886.44
1862700290,336255.28
2586800270,245965.23
9528102772,471663.88
5490210200,455290.97
6669080020,412192.38
179003055,218491.1
1860600535,918990.7
1592000130,588892.8
3905040170,543048.7
9320500080,282542.56
9276200850,491729.56
224069114,633676.2
2260000340,580549.6
5096300130,403687.44
3432500215,383615.62
2600000050,723185.7
8856003839,224742.88
2492200435,422859.16
7855900110,1037791.9
6806100250,320494.56
2770603523,514229.97
1370800515,1923001.9
2726049150,481764.94
1226059161,588796.25
1068000375,2609368.2
9528104109,464837.88
5126310060,508778.75
1951820070,553129.7
1545805980,334171.88
9464700340,919702.6
4319200675,925154.1
7518500885,553855.5
7852020620,485059.38
869700370,342566.38
8643000190,258368.69
8902000267,565974.2
7972602435,254248.08
2050100210,959776.7
6705120540,465169.12
2767601390,598286.4
4141000490,1197507.0
9345400350,763507.2
3222079162,340719.97
7789000120,255621.98
6646200770,705572.56
6666800180,916346.9
1725800280,485292.1
6117500460,889563.5
5470100220,230119.27
5457300478,450060.47
7550800195,583452.5
7787050180,576160.9
6204430250,504049.22
7640400250,509900.34
624110920,781486.5
3629920140,390826.06
7173700518,672974.44
3210200395,227435.25
2473480560,384538.3
2623089141,460700.84
1423800080,212665.17
2076400050,313840.38
3832060120,293755.53
7702600930,456275.06
5101404555,402345.66
3723800415,387677.75
3356403400,231051.22
9214400125,519481.44
1797500530,508632.72
9551201660,1107396.6
3878900815,347257.56
1760650280,326294.47
5466410030,238926.61
6388930620,628152.7
2331300395,763582.9
9412700160,279416.0
871001611,625056.7
3142600120,599546.4
3995700220,342391.28
2310000280,294326.2
8039900400,416600.78
7504021510,678977.5
1959700445,1664533.5
1556200155,555718.94
3629960590,370573.66
259000240,460595.4
662440020,401413.2
3123049142,566647.06
321100260,776472.0
6840701095,526961.56
3738900165,406114.72
4427100130,368954.7
9238500100,470711.66
6145601810,357334.8
2570300090,380474.25
4017600010,508088.28
1005000220,374803.16
1257202120,560716.1
9527000490,491850.1
8691400080,710476.06
1726069084,436840.9
248000240,201226.73
6113400046,372593.56
2130702350,376624.06
920069052,257662.25
6071300160,560820.94
1623049041,120755.84
9268200285,350351.16
1843100520,367959.56
2887700826,637522.8
9122000385,529335.94
9475700220,391099.72
2804600005,805413.6
2896400300,386097.47
5015000180,734187.6
3630220180,797467.1
8832900780,539607.3
1568100300,444499.88
8718500610,416659.2
4147200140,1131485.8
1973700030,1033840.56
8862000075,168539.47
9320990110,296389.44
1151100035,410386.12
2011000010,237608.22
1651500060,1075296.9
446000190,768214.44
2344300220,827206.3
523049195,200171.72
9191200015,621149.56
7942601410,682330.9
7137800300,212711.22
7853300280,524353.25
6654700240,327577.47
569000050,600571.9
3584000180,232153.38
2026079055,348476.1
8898700880,292772.72
5075400150,627196.1
8731981360,371632.9
4222500020,221655.6
7996720050,588594.1
4077800094,629250.5
6446200365,610597.56
2824089053,488787.75
1311800220,216027.36
3522049063,632697.3
1721801280,194002.52
6131600240,205978.08
7202310040,621217.7
1123059125,554429.94
646910160,227834.69
5630500005,372210.34
3342100785,304395.44
9547205610,614860.94
1773100123,279435.72
3353400092,298521.84
217500015,372982.84
3649100031,425787.72
7896300150,288390.16
623049185,270198.56
1773100430,315296.25
1781500220,754155.2
3395380200,217687.23
2424059170,2784604.5
4389200765,1592552.8
1543000060,482277.5
6154900005,632053.25
2902200240,500241.16
1442880640,532509.06
8562770490,546817.94
2768300655,593304.44
3432501315,314411.66
5035300570,794330.06
3626039028,475272.06
3876540780,244339.89
327000100,1028944.1
7551300065,511474.9
1312920060,247710.28
2215901230,257858.9
6306800010,446445.22
2767700022,501068.12
5589900610,550996.4
4320200020,744422.75
5249804655,688145.6
9238500480,509767.6
3885806565,1084507.0
7905200205,469126.12
5727500102,320394.94
3585220070,403903.47
2078500210,565298.25
1839920050,403953.53
534000080,342194.12
856000255,634199.7
4141010110,1548185.8
9558040820,604655.7
7768700315,1144833.2
2796100640,282882.03
1922059010,195838.55
3448000542,263352.03
3883100220,298667.06
7237301210,276635.44
3893100456,946226.8
9578501110,358926.4
6145601995,406975.44
4024100120,309203.75
8899000050,353046.8
3396820010,578811.56
6749700117,341070.75
1954400060,512512.5
3303970100,740970.56
2540850070,458129.0
3797000745,507981.7
7883603700,248099.9
3438501452,372780.88
3530210260,698089.0
3598600049,193336.12
731500170,361737.38
7129304375,173138.6
263000006,410450.3
7212660560,308975.6
1112700010,410104.44
3420069060,760938.25
2473000470,393081.53
8691390980,718722.06
6184700100,421619.3
4476400275,379761.56
2968801240,286076.84
1529300160,405429.0
7640400070,641513.3
7016100380,443659.66
2172000890,435126.2
4035900015,717063.2
9528104660,1040764.25
507100005,339952.03
2783100160,376635.94
3629921140,841933.44
1099750610,237873.05
1330300451,1196954.4
2757000030,891861.25
2114700190,322669.88
2050000020,937902.06
3832500790,274074.06
2612000390,321658.44
1483300430,496350.12
8899200720,292854.28
9183700470,294086.28
3530490031,211952.27
7857001225,332548.6
7920100083,400699.1
2254501620,428976.66
3303000130,431326.4
3876200070,403266.47
369000365,381533.44
3052700385,693163.94
7856550240,802607.3
7300410110,367508.56
7201800300,437373.22
1695900060,496811.4
9429500146,1017502.75
3629910240,668564.4
8805400090,260695.77
1022069050,276425.25
1138010530,351326.8
7877400266,175509.6
7974200452,971120.8
2126049265,469969.3
9547204350,674558.3
5560000680,189417.72
3793500550,311497.22
4217401195,961863.1
1826049408,378193.72
3905100210,465138.53
7695370160,487309.5
3210400060,216656.84
6146600170,147673.42
2767601750,372859.44
1773100926,358860.0
5700002125,526895.25
1951100100,185881.1
1402200340,322229.84
8044200200,365284.84
66000070,328747.0
5083100065,182484.44
4027701284,399649.6
5693501100,559927.94
3600072,521766.84
8078550250,312655.56
1922059046,265055.8
2902200016,706206.06
9183700845,152232.14
3333001997,354099.53
1432400525,251880.78
2824059128,469579.53
6453550090,906824.0
6202600070,1154220.5
7524100280,227681.12
3524039224,933465.4
5739601300,564575.25
2473000410,390226.44
421059018,258303.89
4232901120,709762.94
5559600140,247501.06
3797310150,276223.66
7986400265,849353.7
3025300095,2350334.8
7524950830,573743.4
9407100730,262694.1
3812400854,366383.84
6002400030,301376.94
2212200090,231303.44
7202330610,526288.06
7300400170,317038.44
8965000110,476135.84
3996900125,305181.4
2221000100,300398.44
1524079088,301905.38
1133000036,344546.94
1868901190,663760.25
4037200530,468134.84
2095500120,325980.3
1995200338,769896.2
8820902350,763435.8
7459810210,381900.75
9536600010,708292.25
8085400586,1754762.8
7518503065,369044.1
8682320350,645497.44
3179100790,757675.3
9828702666,497683.0
6713700250,536604.75
2141330700,684345.2
7519001990,390024.78
3223069019,319742.66
7994700030,376774.97
2592300450,307991.22
2792000010,436286.75
173000025,411437.12
7203150330,651994.9
3305100210,880362.6
2581300055,841480.7
6613000750,1518920.2
7015200685,693080.0
1323089184,496735.12
3793500510,415283.44
2225079030,228886.58
3578400710,378197.7
8100000090,267377.06
2095500040,313017.75
8682281710,733845.3
6163901380,300344.6
6918720080,606953.94
6914700130,515150.3
1205000215,532283.1
3800008,261427.98
6150200180,274111.16
1223089066,826673.2
7768800290,819412.75
9285800330,831583.56
1974300020,512244.22
7628700050,776251.4
9376301800,689132.06
8651430220,198545.78
629810350,797946.44
5016002180,887094.8
9558010230,353400.84
8732000390,218831.22
7899800586,325618.03
5249802460,437876.12
1446300020,527961.56
7785380150,496029.28
1245500950,728636.0
3362400640,632667.75
7578200310,653006.7
4137020910,278830.38
11520640,780028.6
7972601995,234364.11
8122100160,458251.38
9456200450,260615.72
1328320760,333636.6
4025300285,341390.62
2721600125,1042951.2
1123049027,188903.05
3542300060,230755.92
291310340,522187.97
8651720420,427785.75
3298200790,383703.1
4037200585,472669.38
1329000090,1557240.8
9279700013,1211758.0
4151800265,513249.12
7760400210,243357.81
5029450110,221739.33
9492500160,870985.3
3578400270,445090.38
7606200090,289755.6
3682000050,371679.34
1250200415,353638.2
629811600,691551.5
1839500115,326335.84
1176001293,1486648.0
3013300409,405599.56
7853280370,754779.75
3275780030,631135.25
3336001946,234793.64
5456000110,784914.1
2473250400,311008.94
5393601635,547046.94
8820902905,370538.3
1245001659,736891.75
1523069215,476032.3
930000234,464174.28
4083301645,757726.6
4055700778,672122.7
2781230080,449826.2
3629910210,671611.4
7856700060,663031.44
7589700055,466361.78
3888100043,363947.47
6381501636,389766.0
3303951150,385652.56
8638500170,356660.38
5635100050,426235.44
8820901792,853956.44
5456000025,1186462.2
985001275,171427.06
9560500105,689981.0
1421069117,242554.05
4154300296,316799.06
795000620,137962.11
9828702335,511653.97
1250202145,1026815.0
1163400070,263352.53
5652600065,648751.0
1042700050,828203.25
8899210320,353552.22
1651800030,1740318.6
2919201365,723440.9
4365200895,363833.66
6841700100,796305.1
7376300060,430541.03
7852090180,537153.1
9222400565,526960.06
9542400075,840114.4
7338000150,184394.44
4322500110,637123.5
7694200070,424350.66
9321010130,245744.38
3204300455,1341205.8
6706000040,313256.66
1565930130,430445.78
3279000420,239383.9
194000575,525656.06
2115510160,250849.27
7522500005,572591.6
3787000140,472755.47
7852110690,639425.6
5469700260,340493.22
8691410730,702914.3
114100763,287662.78
1257202430,895965.2
7000100635,461041.9
1900000195,220039.33
251500330,1993839.6
7701960210,811054.3
4037000065,420912.62
522059299,258553.81
6072300800,631616.4
6821102358,556561.2
5029450200,215093.23
8860310240,590070.0
826000295,372638.7
9417400110,396725.97
3959400345,694712.5
8899000430,336362.72
7527200030,742415.6
8562720410,1319946.4
1432400335,224053.36
6699940320,359989.1
2525059172,707320.25
7548301044,393001.72
2141300420,758936.56
5100401414,398846.22
7346600092,240255.75
6852700478,531175.6
87000213,260515.08
5416500260,308859.5
322059097,282398.72
7229900005,333475.3
7116000350,135162.25
3739500096,356943.8
6744700900,715505.75
1959700550,996130.94
5589300435,347907.25
1775920350,353260.0
3750607974,313149.12
5318100935,935801.56
1442700430,476877.47
9346700030,658119.5
1841500050,343543.6
7278100665,340241.66
8635750980,616392.75
6909700340,681176.8
7011201475,814785.6
9348500220,486951.34
3876313170,435093.4
2195700050,903562.6
3760100200,458738.47
3396800120,541954.94
3750603685,258859.5
9828702310,536986.1
8656300380,354742.4
1438000170,574060.8
2423069164,477022.12
2112700845,327962.28
7635801370,564519.25
8572900135,381667.72
7504010590,763247.25
6821100125,468188.88
4310702775,273968.22
2591010180,424831.28
9828700235,677547.94
9376301180,510556.28
1646502355,1197866.8
1498301672,474778.28
7715600070,364799.2
7283900045,461036.66
522069119,468058.06
5200100125,618296.75
826069184,469941.97
3271300155,764844.44
4444800045,616347.44
8682291050,764092.06
2770605420,502845.53
1556200205,454358.38
269000970,1332171.5
9264900880,272211.8
2323059074,249597.39
1224059053,1181660.9
3755500065,436390.78
2571900430,363805.9
3705000070,288515.6
824069173,580343.75
1735800050,141561.77
3025059089,925439.1
6132600655,927501.3
1068000255,1764199.6
3052700921,650532.2
3024089057,346246.97
7390400026,259959.4
1787600224,401404.0
2923049372,324396.5
7015201015,961028.75
7701990040,870112.75
1925059194,1020932.94
301401370,335946.9
1931300955,392553.7
2395710070,378636.88
2591820070,401533.4
7883604065,241979.67
808300200,473336.53
1421069159,487695.88
8562780540,335853.06
2787720300,379069.34
2349300069,291632.16
739000035,180398.33
2397101460,586345.25
7625702437,394178.8
5101406441,461885.12
3323500010,1283842.2
225039082,786203.44
8078100260,343562.6
4139480200,1363612.2
7436300160,431161.5
822039004,669146.1
8651442910,224639.81
1370803510,763084.94
3342100569,684644.8
1310430400,506630.9
104540820,241701.52
4305500030,584844.7
993000090,684452.25
8044050040,429835.4
5707500050,719812.75
6306800080,379425.62
9206700190,806952.9
8732040090,286633.94
3037200045,411716.6
438000025,602071.5
239000115,316523.94
8929000230,507178.16
7135520610,1174281.2
5561300340,565278.8
9530100085,704362.44
6613000140,1563322.1
8835210130,332281.66
3782400190,344453.3
379000051,273821.4
3869900150,339182.6
4322200050,441938.84
8961980290,717875.4
2558670110,440957.47
1124000010,442284.16
3869900138,473302.22
7853300720,494861.28
251300110,292488.9
3904100041,251773.42
7701990300,814833.8
8682231190,571295.6
7888200240,220259.36
2025700730,300422.5
3066410800,703470.25
7576200040,815611.25
2526069095,1154113.8
2781270530,190265.92
3763300005,483135.56
1523049083,194499.17
923049468,195394.36
3303700221,701936.3
1502400140,226051.31
2880100160,1000423.7
4083304535,917201.06
8820902549,526412.06
4139400060,849951.7
1222069094,352753.66
9367200205,632438.5
2734100736,306278.88
3856904580,679814.6
3812400789,306755.66
3303980090,964323.75
1314300018,297035.2
9522400350,539849.75
7524350080,348071.53
9406520260,335030.6
3278602040,355878.25
7696620100,229620.75
3751600635,229061.5
6365900065,395961.3
8732800100,266646.0
3876540410,244798.67
7349660050,258301.92
1036700220,661785.0
5417600200,315610.9
8732020310,269514.5
6844703240,955400.5
923059206,355772.38
4038700220,573499.4
2597520900,736983.8
7203230040,941008.3
8820903560,366681.66
424069112,746542.8
6056100102,513047.97
1823069155,451114.12
9412400220,2565584.0
6851700381,1108441.6
13001215,284607.1
3630180340,773002.4
6746701090,532307.0
3832050760,278825.06
369000690,529204.2
6071900130,575408.6
7266200085,618670.7
1473120390,435785.66
9523100458,548049.56
4345000510,253099.67
6600220090,465682.7
8079040320,404423.03
1357900060,457276.1
3996900295,317544.38
1442700250,482286.22
5021900175,703690.4
4365700130,315838.84
3876100320,466372.9
2124069103,415996.94
6700400140,266295.8
7852090810,533790.4
1454600038,872539.94
4137000250,300866.9
9826700726,533260.2
6716700325,493440.44
8562750300,581104.7
9315600050,2023606.6
2790410250,665628.4
7732410130,716679.7
1387301730,342634.3
1568100220,345412.88
3975400085,872302.0
339600110,457992.28
7888400500,231273.44
1842390130,703010.9
7595700025,363606.1
2158900140,842163.1
6151800070,356047.97
9294300515,763010.75
1250202660,864532.0
9106000005,1049800.8
5035300085,702956.56
8898700440,297648.8
723049197,188520.06
2019200220,216310.4
2926049408,707189.4
4233600190,959396.94
9268851860,450876.72
5458800620,630042.56
424069096,482176.78
8150100265,250136.4
2742100085,338120.38
8045600130,410896.0
8039900086,299177.9
4131500190,286628.2
1370802650,719082.0
821049149,245357.98
5104520460,366815.25
5466750140,251893.75
1703900155,322895.84
8658303065,329654.97
3298720030,409669.34
1839900080,307227.6
1561600025,798047.6
6064800410,321914.1
621069102,203422.31
7853360620,427528.8
9385200045,576304.9
7214770020,612664.8
5412300100,233168.72
2025701360,264968.88
7334602070,308094.3
8029200190,208740.27
2622049052,550072.8
3126049261,334082.03
4443800705,486990.8
2473420100,307451.8
7922710520,546790.3
3336001911,282803.25
3797000300,449329.7
5406500480,637756.94
6706600090,446288.12
1518000230,339392.6
1250202990,831006.4
6441800060,834163.4
2141500070,475883.44
9407101900,276383.06
5451300117,1901550.0
326069132,429934.6
7153400100,240262.17
3083000910,479903.62
3021059304,321362.56
2597530650,756401.75
3972900215,313490.06
2473420070,300843.97
6115400008,483673.12
8682220230,836985.9
642150080,587348.75
3775300030,336666.3
5418200340,667729.7
2424059119,986304.6
7899800476,225733.12
8598200070,258004.77
2421059125,517306.16
9528102771,542825.0
7522500020,594384.44
7202340720,618961.6
3286800260,536910.9
1121059105,454768.9
7504030220,635903.4
4045100190,1673199.5
9406530090,363546.8
7138000260,255752.2
2600010390,700487.2
2917200365,435881.7
2191600780,206689.83
7784000180,502476.9
6149700194,325458.44
8082400136,768254.75
7202340930,637643.8
1972200556,598809.8
2767604170,505859.4
3271301175,560603.9
3223059303,533129.5
7598100735,1018875.75
3348401490,322258.4
1545803390,272693.28
2296700050,533410.75
3626500045,768292.9
1596600060,233904.8
3616600250,1389340.6
8078560140,286605.25
1796360350,239270.7
2770601763,515005.4
3223069118,731372.7
2473372040,368782.3
3575302759,408395.34
5706200170,483801.8
1774000030,420377.88
2224700136,357021.78
1250200418,348371.4
5416500840,360174.2
7335400345,125401.11
3776300010,1049106.1
8857320130,489094.56
424069206,768687.1
3592500985,1089212.8
9828701295,385343.38
2621750340,299190.47
7334401000,249326.89
3286800110,558690.44
1722069097,488186.78
3574770030,548381.0
1336300610,1112258.0
7230900100,334982.34
6141100320,331193.34
2767602356,716683.06
476000017,491787.25
2558600100,443365.25
3500100015,288348.34
4074300150,425237.84
8907500070,4796348.5
4388000260,201132.9
2475900850,271737.7
7852010900,550234.94
318500300,676342.7
9200000050,162026.69
1026069106,461960.9
205000120,668064.7
2616800600,719551.25
921049141,676095.0
2023069059,747695.6
7229900145,437433.72
4376800010,560973.94
4389201095,2824226.5
826069127,491327.34
2310000250,286399.78
4058801225,325718.97
6600220550,444689.84
3585300194,1326752.6
2594200375,436209.78
1102000514,882255.4
1862400471,410366.94
6928000440,322770.84
9578060470,514626.88
8732020670,265444.12
1823069088,305291.75
8712100350,1148474.6
3420069055,340966.03
4229900140,298858.25
8682280490,414160.2
3830630310,248015.69
5100400251,333217.2
1737100830,616777.3
1630700276,468896.66
6326000205,441415.25
3426049284,3347684.8
3814900260,399284.62
7403200050,1649639.1
1725059252,724518.7
8899200570,314892.06
4137000700,270315.8
1115300270,720025.56
3904920380,594688.4
2695600195,381358.1
9542100135,773149.1
1552510160,394229.56
1823059241,685860.4
2193320450,653344.3
1122069006,548226.75
7853340330,386767.47
1954420380,498815.78
7299600530,277509.0
1760650670,272815.8
6819100080,610419.44
2767704649,501343.9
2424059035,902632.44
1566100400,369415.94
5255690060,453957.75
8860500130,422499.6
7349650120,309603.84
3291800670,490842.62
3764650010,484898.88
5416500950,408458.44
7973202712,203986.86
3291800120,233038.45
9211500620,211777.08
8643200020,355483.4
9197100101,181355.86
3531900060,334403.03
8842400071,392785.88
6844701680,511042.9
6413600285,443523.44
5196410260,956997.25
824069121,734561.56
3876313120,412831.25
269000030,940509.44
1560930070,741146.5
4435000705,197361.92
9542400025,807671.94
2470200020,1728998.2
7519000580,531615.5
1226059101,526043.2
4449800063,393546.28
2815600305,748738.1
3821200050,206342.4
2644900110,378646.25
8058500005,376731.84
1099760230,213498.55
1954430180,514136.8
7853360480,500707.47
7229100040,329677.28
1432400120,198290.7
1898200080,333102.47
4054520100,863134.8
2568200140,752742.5
587550010,579342.8
4154303215,822441.0
6358900070,897761.4
3277801640,431367.97
6209000165,303469.06
6143000020,266965.6
2591780180,428447.2
5412400170,241485.62
5466350120,255102.53
2877104196,657388.1
3222059007,338329.38
7957600025,260731.33
2698200210,270371.0
3764500230,587064.25
414100630,353776.84
8029740060,331142.8
1426049054,376094.66
546001060,644014.3
3277801417,449372.1
3630120970,753999.8
2326059080,1030088.94
3278612370,355911.16
4024700100,286732.38
7697870860,235205.56
8562900240,614178.8
4059400585,225694.81
5703000050,476121.78
7701990560,829471.1
1760650610,323541.9
5408100035,423673.75
1370800560,1255902.1
2880100240,479309.94
3630060150,544059.5
6071700020,522601.0
2473002500,410045.38
2768300650,481706.6
3523089019,849553.0
2787250190,518892.72
9477940440,429973.97
8732030440,275831.7
236500050,314867.44
993000100,710228.1
5466700360,242979.12
7203220300,874139.1
8682292180,425345.34
5209200010,490250.38
7853360990,421345.97
8663310010,444180.38
2313900165,531520.2
6114600030,572239.5
3303990030,828117.2
6679000960,357471.5
8161000230,528155.5
9510860060,719958.25
1223089083,833063.1
2721049059,297223.62
2523039278,285819.4
9826700707,502886.78
2159900120,471036.78
2767600635,679975.44
3812400455,390196.66
7852030960,421003.34
319500080,699752.06
1061500360,314903.47
1787600209,404501.34
7888700030,510450.12
3623500260,1125689.9
4219400520,1491041.1
518500460,1995726.8
2500600297,255722.44
7283900010,270679.03
9225900055,322441.94
4036800925,420681.06
7967900150,370952.7
1782000130,421848.97
3163600015,136889.52
254000075,357540.03
1424059022,1112947.6
2768200090,689823.1
4319200505,487144.56
1592000780,630994.44
1687910100,602421.25
5200100115,589939.5
3751600176,196236.77
5608010650,945490.75
2051200506,288690.38
2781280310,274203.22
1023059190,275727.8
2787310130,273289.47
4358700100,430636.3
3121069036,500070.88
1959700225,681100.8
3205500230,380375.22
7974200937,533637.7
6819100111,1017318.4
6146600175,156451.89
1525069095,829239.4
1231000510,442756.38
4122700040,983038.6
2426039314,292168.6
2013200390,256090.97
1854900330,712409.06
1923300135,577439.25
582000135,519424.47
587800130,295018.06
7840800135,209981.58
6116500366,364886.88
6392002635,654605.44
5361700020,325544.44
106000395,391182.16
7199330390,392128.28
2484700155,680774.8
4038300070,441640.53
9407101850,313353.47
293610040,598174.56
7202360760,815535.0
5608010750,1119229.6
7236500025,310355.9
9144300120,348393.0
1454100267,397702.2
1377800135,603287.7
7967700570,233825.4
1562100220,585551.75
2923039243,418297.53
868002080,811119.25
7137960460,269626.84
1023089096,308533.62
3262300818,1982478.4
8563050110,575869.75
7137300245,409056.8
4365200630,446456.72
4100500070,1685285.6
3821400200,252418.47
5379803386,241873.53
4237901075,590375.1
8118600155,369490.97
8946780080,876101.2
1428000970,394470.66
7011201004,706175.06
2799800180,355308.2
522059130,248721.78
4315701163,620340.9
3649100387,435429.66
2125410210,491762.38
3224900130,228308.64
6798100661,301042.0
3626039325,753689.25
8730000270,344331.12
6065301040,855477.44
1665400165,240208.56
2203500140,392936.88
4058800875,335169.6
5076700025,457280.88
7853420110,611533.5
7818700480,309174.53
8658303080,325142.03
3187600100,581472.75
4077800518,347213.84
2470100110,5112512.5
3451000206,350156.75
1843200350,170869.66
7904700126,404127.7
9430000070,278292.97
6003500749,660115.94
7701990700,806779.75
1310820150,344954.97
3975400190,633147.6
4100000050,606717.8
7202270700,574174.7
7370600020,662321.7
126059225,506187.56
106000015,419117.72
4458800060,1000936.1
8944290090,236680.75
8682250330,659284.2
9834200390,456686.88
3275880100,720606.06
7227501190,242704.45
1796100010,700261.4
3831200210,285765.97
2521039066,280515.75
7701800050,440603.53
3904960910,658236.9
5647900670,267082.22
7234600796,435882.94
3021059244,226295.27
7787400030,1709669.9
2051200436,629404.2
8820901415,345243.28
3523069047,805976.06
9194101388,475702.84
7277100610,369898.2
9471200370,2143562.2
2767800140,712455.94
3629870110,540615.4
9136102057,651705.2
8648900060,533351.25
3678900110,388813.72
2767600150,515155.22
1972201511,636107.2
6055000430,559898.06
6624030050,381866.88
2215450150,338328.1
2767603824,457294.84
3585900460,773534.8
2922069134,427176.7
9267200062,351396.16
7228500425,567862.1
1089000190,792479.3
3359500960,502505.66
5152100160,432618.3
7230300060,354803.66
2423059067,473084.72
8016250060,250584.1
2524059267,1131955.2
1438000440,518407.0
3326069026,625798.06
9353300600,302209.0
8691410060,705442.06
6332940070,511285.7
1310980110,294161.47
7428000120,253551.45
3626079040,661417.8
2722049077,302470.53
984220290,294868.12
5347200160,235651.45
4154303655,500319.4
2953000250,275936.4
9523102447,661589.44
5104511840,422900.7
3448740250,443470.12
4219400290,1085504.5
5152100060,464963.78
3279000460,224490.53
1102001274,909298.1
1251200155,1195124.8
2025700740,276117.78
3820350050,366267.16
1245000438,777188.44
7853230200,449478.8
3832200070,250860.75
2926049400,437904.94
1246700251,874163.25
6372000155,612191.1
7950300670,376860.5
7518504130,604166.9
9286100200,432450.44
3992700585,496954.5
7234600786,688964.5
5476800069,363557.22
1126059201,1332486.6
9527000090,487470.8
402000115,305519.5
8818400450,1084516.2
2475900840,274233.03
1437500015,187393.66
2848700095,429089.97
1529300135,363587.72
2597520090,750116.8
7812801125,205839.64
3343903647,402569.8
1951600250,140301.6
9542840590,270766.3
8081010040,1199628.5
3262301355,1471498.8
1861400068,409056.03
3295900490,449971.2
4345000440,242392.17
4219400465,1062141.0
3797700030,269259.66
3204300860,786332.44
1930301555,538122.7
8807300130,330755.25
4391600035,308078.47
5021900140,1779424.1
2946000590,267289.38
686400210,543290.06
3365900462,258433.5
8682262170,407099.28
7312400325,350566.06
3760100100,412974.97
3579000410,481060.2
1773100755,454856.1
7129300175,349431.84
6303400965,237219.23
1328320440,337302.0
3686900025,225855.22
1221039066,396201.56
7950304095,355006.72
3585900785,1017278.56
9455200329,526748.5
629410130,774650.3
1994200375,562860.25
6669200370,939230.4
7262200150,229951.44
7504010750,578579.2
5253300173,312537.5
3395040200,287102.6
322069109,422854.3
4054510270,1112840.5
1710400005,551929.3
8644300170,682615.25
2450000290,1065588.6
6102400166,613175.06
1934800087,449772.12
3333000775,283476.16
5393600509,304290.66
621069039,336879.56
3343903611,635523.25
2954400020,1112653.8
7972000010,166068.34
7214810510,458507.97
5561300540,488054.6
2634500070,414662.9
6822100310,720406.06
9201000100,682321.06
1072100085,334512.1
6190701146,407273.25
3277800845,262934.7
112900020,341007.97
1324059048,624994.7
7979900126,387881.9
7199330370,415643.2
6381500720,403186.88
8078550190,297926.56
7853440140,799039.94
6300000396,354726.84
3374500250,364998.6
3343901188,269017.1
6979900010,784316.25
7199340320,568233.2
1112000125,347081.4
9269200150,356245.66
5104510210,296828.47
925059219,601456.25
100600320,210763.22
1789900080,270473.62
2123049142,325539.47
2459900040,585077.3
3902300450,577012.6
7250000065,351064.56
7823700005,288911.8
3750605247,218285.33
2771601730,452148.7
3298600440,389982.0
9141100005,542357.2
8682262190,414219.03
9407111250,245321.25
1336800010,1600039.8
2255500060,593418.2
7950302345,331803.84
8658303585,248571.67
9184700600,1167060.1
8068000440,285109.12
1310000130,296949.06
7853221330,676008.0
1222029077,421408.25
8562891100,346594.2
2517000260,355177.75
2225300149,342147.78
8651410330,173399.02
2413910050,550584.56
9407100720,286157.6
2112700920,342658.84
3761700251,739617.1
1036400100,668957.25
3585300365,678928.94
8562750060,848833.8
2719100042,533146.3
952007055,450693.56
925049318,592408.9
7203220260,945836.2
9320990140,300498.44
8567450140,496118.72
5379800810,172239.38
7784000100,546912.9
3992700475,426885.9
7905380280,424062.2
943100683,403526.16
8029770470,559264.6
2818600060,1124798.1
1226039124,450378.62
726049184,285273.12
795001930,238487.92
339350150,734846.75
1332700270,290596.03
7548300170,558445.44
6141100330,378372.66
647100096,796985.9
6744700423,489848.9
2895800750,284621.22
4046600220,342491.56
8809200070,372061.66
293700110,852418.6
4178500440,249656.2
4358700164,252655.45
9197100263,250963.39
2426039313,291739.8
9468200163,658058.0
475000190,507964.25
7504180170,462581.2
4036800170,459929.97
2561330040,470869.25
4123400340,505629.8
524069115,919210.7
4047200850,312876.28
8651440230,225056.88
3905030140,548285.3
510000641,700775.8
8663370020,429496.94
2883200760,704085.06
1980200384,712235.2
9468200140,496756.44
1796370150,261574.88
9238900085,639077.5
9191201325,582141.94
2538400060,992098.9
3758900037,918573.6
2472920800,385083.66
321030150,330226.7
2571910100,315352.2
1423910670,269313.06
1118500030,805545.0
1939000010,667809.25
1776460190,436892.56
7504400290,603421.2
3448700070,414703.22
7518501025,544047.06
923059252,496294.28
1431700210,248836.12
8635760480,565188.8
9175600025,1491971.4
7922720250,544913.2
8944360390,479304.9
8948500065,228212.86
8669160310,276456.34
6117502745,543278.6
1789800020,363092.9
226039186,334764.84
6457000080,276032.72
9557300080,534648.3
8562790480,677458.2
6430500008,508141.1
1604590230,786872.56
9542850290,739783.6
7831800395,267105.12
3317500030,1243260.8
624101110,734481.06
3654200039,379726.06
7856000150,890606.75
4338800685,276976.5
3211230300,431603.34
3904910650,557710.44
3598600088,285523.8
3796000400,360594.53
7972601280,429573.12
1450300050,266824.8
7504050090,763128.6
9202650130,555600.25
2419600075,369335.25
1224049005,990113.0
7129303240,306111.25
1922059135,208338.53
7852020250,647135.1
4139910180,1553061.2
4222300040,285888.66
1024069027,1027325.3
8944600620,529040.2
5040800060,864166.8
1036400200,625276.7
7899800915,245187.45
3325069025,470864.78
9408300310,597053.5
1773100604,345393.78
5451100490,916656.25
9536602080,190459.45
9828702055,427864.9
3362401758,498386.88
476000333,450964.88
4364700730,358103.1
5559200020,241217.25
7522600110,254013.23
104510440,243580.25
8820901275,541808.7
3298700125,262881.03
323089172,441352.12
5364200477,619747.2
2222900082,380431.8
6641800020,620946.4
9358001422,294332.06
3438501150,322664.66
2206500430,492456.5
9272201318,573711.6
585000095,642330.6
7708210050,547934.56
9407000840,288482.84
4027701265,464505.5
8644210050,748872.4
8656800020,350779.4
3329520170,215758.05
5104520720,334701.66
3806000005,162672.48
2330000015,689879.7
1447600410,288038.3
8641500252,383693.94
6084600420,277855.38
441000115,455717.1
2597490030,715943.25
650000030,737250.94
3585210200,416083.8
5416501030,397472.03
5406500170,645871.8
2916200065,386830.53
3330501975,486572.53
1774220070,559915.7
8731730710,203413.0
7861500150,432280.12
1402630190,380631.03
9117000230,286519.97
7133300380,656631.8
4232400470,690412.1
1773100972,322445.62
9413400165,248927.28
7658600025,441359.28
6909700040,903022.5
1402900380,288914.56
6625910100,471613.47
3204900010,603408.5
5162100820,333682.1
5560000480,169777.94
1704900303,545527.25
8084900170,1811523.6
2887700091,678501.75
4331400190,288269.16
3762900130,395219.25
52000067,602713.75
5430300120,766137.4
8956000460,643941.25
8856950310,264465.75
3364900156,323303.5
9310300211,285385.78
6448000020,1442081.2
123039570,412887.16
7600065,577415.06
3123039171,440029.94
8964800445,1486753.0
7857000732,364697.97
7525410090,572756.56
9541600350,719650.06
3186600515,729882.3
4123820450,326538.8
2505500030,1115052.2
1541700240,327315.16
6629300120,312712.53
7399800150,520170.5
9517200180,366189.97
1313300340,486801.8
7967650010,384190.06
8807810090,379196.28
8815400670,841915.75
2310030500,283003.2
2241700075,301755.7
2287400030,310880.25
2827100075,264457.16
1310700390,299042.44
5498100010,474291.3
723000114,1457483.5
6431000987,472456.2
3356407665,208305.36
7852110050,558577.0
8677900123,474726.2
1917300260,212983.62
3396800280,576149.3
8691420050,842704.6
9368700006,283453.44
339600290,390506.03
1592000250,580787.75
1471701780,336445.5
8928100205,657856.0
5029450100,221065.34
5493110080,2348896.2
7883603750,320508.62
1732800175,922287.56
1518000290,321498.66
8604900017,557162.3
5379805160,283418.03
1254200835,595560.1
3179100482,459306.25
3313600266,196210.94
976000879,643907.44
8819900220,688290.7
2130701535,285550.5
1176001124,563591.9
7893805650,330674.2
3885806840,836602.06
3625600190,1291724.2
8562790150,822192.44
7348200115,226502.11
955000453,485864.0
6817810310,398123.4
4040400340,462047.7
1644500050,713513.94
8029500100,317272.53
5244801230,722345.44
1115100119,366698.78
9542400010,807842.2
423059387,551219.2
4023500990,361279.53
7899800857,260162.28
2976800796,214967.52
1074100020,303119.38
446000010,571942.75
7942601200,445012.28
3575305495,710389.3
8691310040,767836.5
6117500430,683857.2
3924500130,523069.7
2028701075,514798.2
4330600360,246829.5
1324079082,430712.28
9268200484,716936.0
9828701605,610481.75
7518506715,968966.25
5315100277,1345913.2
3942900115,323085.88
1561930020,485084.34
9510970090,641512.7
6163900821,353921.28
9510300220,525186.56
3869900146,306230.4
9262800208,728249.06
2522029039,526639.0
6865200095,676420.7
3782760040,453330.44
4237901250,552478.6
2891000610,225294.61
2749600095,533754.25
5422810010,372178.75
3629980350,762954.0
2459500070,297712.4
5113400364,658680.9
7533800885,768300.94
629410190,750040.3
8651431100,170692.95
7960100050,542113.6
1842200040,457020.62
425200205,249647.86
9477201470,363416.47
7905200365,514010.8
6381500635,319652.72
6052400175,353695.88
1236300268,481078.56
6072800265,1659393.5
3423049311,219165.8
3755100540,380276.2
7852150120,377402.5
4180300050,390030.72
7625701935,345921.88
7132300550,417612.75
3025059093,4017647.2
8161000220,437460.84
7852011020,551508.4
2599200160,315249.34
5536500020,544727.1
2095600150,271403.06
8910500226,341926.62
1681400010,774698.3
1424069110,718376.7
5127001620,317644.0
7940710070,403043.1
2413300980,306326.2
7853400250,603723.4
9542801310,267408.2
1890000169,536397.0
2720000120,285145.03
9424400105,469864.9
7888780090,274011.6
3501100280,346254.22
3905100220,490843.56
723000150,1000795.8
8691310980,723788.0
2297400250,493232.03
2892600056,245624.4
5273200080,570129.25
5145100460,505370.94
5561401260,598675.06
7732650040,969646.6
7504101280,841705.44
8581400345,287449.7
7129302800,459983.06
9551201560,593114.4
1546600020,635147.56
2648000071,220058.22
3339900640,235609.89
7853301240,438288.5
943100262,279243.38
7202430150,852334.06
3558000120,336352.78
3890600150,509542.56
7452500315,266020.9
7173700591,682325.0
438000015,666022.7
928000020,370332.34
3830700010,399266.38
3845100640,386677.1
6675500112,356868.94
1773100920,336378.44
9485940330,400933.8
5561000600,453860.34
1786830090,676234.3
2011000020,258958.75
8024200681,406297.56
5452301810,2055175.9
5515600075,268832.7
357000135,1380482.2
2541100010,560244.7
1090000036,662530.2
3459100300,411302.97
2450000295,909592.2
162500015,376969.03
2592210290,785254.06
5101405265,509719.97
1122069019,744681.2
7501000220,850061.94
1310900140,316722.3
3298700941,226592.64
1972200382,410935.97
5100402764,465268.97
2623069069,678156.25
6372000280,511891.66
4305600240,502337.0
2767602094,558030.2
2500600289,140471.62
7203160090,823875.25
3521069146,518942.2
824059321,1659092.8
9348700610,804667.4
7228501745,565688.2
6021503656,427096.44
5437400630,577992.44
2207100740,435089.7
7202000220,405851.44
629811340,721009.56
1324079029,261629.77
418000010,177770.78
6303400290,227055.34
4139910030,1329691.4
3023039066,355355.28
8698600395,207074.75
2799800710,322474.25
7351200050,818754.25
8564860270,483787.06
2591830020,408832.97
4139420430,1525803.5
9828201725,520491.06
2420069604,254560.34
7224000315,227381.25
3861470120,2073364.0
3222069151,293520.28
3869900155,351368.03
123039346,294680.9
305010050,655778.9
2141340040,683793.3
7504021310,734491.56
2436700315,580323.8
8732750100,355398.66
3298201290,337987.22
9241900150,1014879.3
1180005220,238303.31
5540000050,317550.4
9211520400,241565.56
2623029078,403521.16
7132300695,371330.72
6430500219,420151.03
6084200100,381233.0
7140200280,261081.42
3904910610,605292.06
7625701900,448294.28
9432900560,325546.3
1388600110,234134.0
9126101201,290047.28
4224100030,390551.84
1109000390,560059.3
3336000296,249484.36
7504100590,773672.06
2025701060,272457.78
7527410080,638730.8
7304301045,292061.06
2591840050,425795.84
2767602490,438613.38
5494000040,1006637.75
2473251090,280634.03
3825500080,494400.9
2309710150,330349.22
8901001335,635371.1
1781500435,384221.6
8835220200,323683.28
4037500335,539466.9
1338300180,2003507.2
7968000120,265459.8
686050100,1039536.25
1180008315,240282.8
1657300280,421131.44
7856600170,640432.0
4154303125,642497.9
3295730050,613733.8
1777500090,644235.44
203600470,654307.7
6673050020,355626.84
8731980680,284712.44
2273600260,528389.25
1000102,297694.25
4197400005,545228.7
3378100100,257345.2
7856620210,772137.44
9275700765,968469.25
1246700136,411470.5
4239400740,150986.1
3306300630,200008.77
2524049056,1086222.1
2023049245,256065.81
3210400340,277108.34
2621760350,312813.62
526059183,399758.62
8078460050,654026.94
7504110050,670525.94
3876312840,411429.28
9268850350,310411.84
8085400490,1085270.5
2722059185,482764.34
3644100101,356844.44
1321700030,688289.4
5608000630,1339496.8
825059349,1376441.2
6083000071,218268.88
9164100105,517655.56
1425059145,487882.88
5210200184,562693.9
9477201370,457102.56
2927600630,762858.7
2619920170,808169.7
1560930450,557299.94
2896000510,560304.56
3034200067,602727.56
4025300360,371247.84
3362401295,523887.9
2391600555,407878.06
7550801170,500775.28
5347200175,272686.25
8910500471,423575.56
7199340560,478240.6
9266700175,397464.06
808300270,427658.1
2487200875,506212.2
8728100781,300967.94
5379804888,260515.58
6619510060,460514.6
5416500680,429573.94
1862400087,486306.72
2126049277,415150.78
4137000070,300033.7
8081500060,2365851.8
686800065,983207.4
5561100180,564672.1
798000342,301698.16
5603700095,554697.0
7151700585,1305737.4
8129700565,588386.5
2782100260,651848.2
7011201106,410014.1
2423069084,537809.2
8141300300,301953.47
6601200040,277692.47
290200230,673903.75
1423900220,246209.31
7303200450,214908.28
3755100220,379964.06
796000235,222390.55
7237501040,1210396.4
7203220400,867759.25
9285800275,794203.56
2061100435,497005.7
6414100025,544945.4
5317100750,2682800.0
6145601000,468757.6
5634500775,460687.66
7375300160,589882.1
9558050360,499106.06
4151800420,545321.25
3751600146,190914.64
5302400080,555169.6
357000005,659008.9
7283900306,459658.56
3738900105,342654.9
6822100305,641822.4
7436000205,556616.9
3295730040,587283.75
1526300015,411713.47
3294700101,291484.5
8864000970,210816.48
5469502700,386277.94
8078520310,244002.47
6154900130,337259.22
8945200830,192819.44
1085623630,413190.88
4013800131,230289.4
2287000010,656526.0
546000930,676644.56
4051100390,225646.39
7203100120,653567.44
7523850150,314787.28
3826000665,268697.62
1311800560,215696.33
2877102180,500829.25
3221059044,728663.06
9169600110,578477.7
9510920040,738534.5
8813400155,810188.44
3896100130,1059603.6
2568200740,736483.56
1217000340,326744.72
6430500086,441393.38
5634500234,545626.1
825049073,492822.47
2391601445,1071544.0
7881500330,486602.22
1721801591,126964.52
2473390710,311132.94
5634500891,333429.53
5515600163,474723.94
2560805630,246912.61
8078350280,606015.2
9477201060,378284.97
8827901350,704412.1
3560800040,449212.28
3034200370,522394.7
1328300040,337105.5
2483200010,704402.06
6071800480,407817.38
6200017,206181.5
8149600065,877937.94
3362400615,441044.97
7518502945,537151.56
8001210120,266370.22
8682280340,470831.1
3623500408,2233835.8
3764650070,471780.8
7937600380,361789.12
923000580,659589.2
217500005,417098.9
5419800510,247862.7
8562901250,589236.06
2212200100,298100.78
2310100240,365065.44
8582010240,673289.6
8651410670,179201.97
3330501645,249851.03
8113101232,374448.38
7849202190,292563.7
1864700300,314193.12
5231000060,295574.25
1565900070,234285.67
7555220140,741532.56
7518505160,480079.88
3322049005,594459.9
808300550,412206.12
66000265,353828.78
2880100675,361107.62
1524079156,371328.6
3625700010,1406250.0
3259400024,337222.88
3205000310,372227.75
807800190,274320.12
2783600210,479088.3
9290870040,813575.9
2561360120,427572.84
8857100180,370239.12
4388000070,230873.03
3860900003,897335.06
1176001119,547705.2
6084600330,245171.33
7985000100,232155.6
8026200080,391383.3
3210600010,718236.25
7558300170,544173.1
7852180340,446851.6
524069011,589331.06
3361401011,146721.94
6117502455,291366.38
5602000025,219542.14
4142450490,306501.8
5306100255,357676.47
1795900120,546133.7
1193000280,862192.8
9238480120,571924.75
3630200780,867594.6
1250201130,444736.06
7796000095,1357588.9
8635760040,509522.66
9476700135,277783.3
5249804510,562151.6
40000553,211421.52
3204300625,790203.2
2596400050,394870.0
2724069103,402744.16
3744000040,451073.25
7525100590,382723.28
3705900292,424520.66
6169900790,1722390.5
8127700735,1079038.1
3761700067,978521.8
6065300570,940102.3
4022902050,479915.1
3886902590,564873.56
4107100190,2347169.8
2909300150,668948.94
384000135,420031.25
1005000036,403353.78
8856970530,323452.16
3448900320,569344.7
6713700100,381838.1
2260300060,1931119.4
7273100026,634994.4
1277000020,923399.1
2620069113,339811.34
4166800080,338501.06
8731902680,260055.61
2599200830,220848.72
7569500010,701429.06
1825069031,595614.7
4443801495,609099.4
7805450110,725765.56
3345700207,541642.9
1560920450,858920.75
3629950010,457161.4
3782100035,273323.34
5561400340,747497.44
1898310110,259393.78
2122039094,767432.44
631000040,550944.3
293000145,406715.47
8121100015,374138.9
3205200430,376069.56
2475900565,277065.53
1651500040,2135478.0
3955900500,400148.8
7907600100,270846.62
3123039136,334055.25
3972900735,284031.2
1424059130,512932.03
6792200282,251492.89
910000104,303096.25
3751600784,332454.4
946000295,448665.53
7749500070,320684.75
255550070,348006.47
5151600340,296532.5
5415300060,560078.56
287000110,612602.3
7585000110,201112.97
8121200460,513832.9
6891100090,904621.4
7575600100,300706.56
4240400140,598789.25
4046500510,304794.28
2944010240,1079784.5
3449820380,517331.8
7203102140,300325.38
8665900291,524809.0
1775930010,417205.53
1118001631,1262907.9
8911000445,311184.88
117000100,611766.8
9284800085,405849.9
2795000080,489056.3
123039207,357905.06
1312200080,222452.27
1236300290,1239763.1
7549800168,444960.06
6891100260,879794.44
6072000910,535109.44
3226049184,393016.7
1442880320,506478.75
23500190,610145.9
6021502070,501104.9
4168000110,196936.06
792000006,172670.78
9558200210,232446.92
3840700757,655759.5
3876311650,562384.9
1328320800,340478.28
5006000170,287204.47
7575600430,262334.84
7686202580,186153.94
2524069097,2382161.8
4292300024,340770.66
2726049071,423070.12
3526039019,756252.44
3300701365,475555.88
1274500170,198964.5
7282300095,288432.78
8562740440,727109.56
3761100045,2615270.2
2877104265,878241.06
7940710100,512518.84
6071000030,742519.0
6448000100,1617365.0
2923500230,2581697.2
6751300375,474802.72
7214810350,453118.22
1088800470,548479.9
7129300420,255465.77
6149700405,305968.84
9521100855,458655.78
1861400116,687539.5
2787460720,222445.9
6073240060,669038.94
291310100,433677.06
1247100035,1038959.4
2626069030,2065081.8
1326059085,592506.06
6447300265,3285315.0
8651401270,178633.44
3524039209,834812.8
3226069049,1198402.8
7548300425,380498.2
1438000360,498056.2
1777600900,727747.75
5244800695,555703.0
3387900390,264650.94
1954700615,1158619.8
1026049036,293580.47
1683500180,229503.4
1939130420,653498.9
2021200530,1060037.2
993002325,456551.88
2780900220,292792.56
2540800390,456446.97
2919700540,591850.94
2787250090,519308.56
8651442520,268402.3
100600860,198536.33
1437580480,939782.3
3886902505,632430.7
173000140,424203.38
5151800045,518534.06
3010300240,529974.9
2085200261,312814.84
1839500065,282640.4
1049010300,364437.9
1328340540,328007.62
8887001625,396850.47
5332200320,718025.3
7137960030,271971.0
5468780250,336142.1
2436200715,603525.3
5137800030,289935.0
1068000520,1332113.0
5379805121,404580.8
7445000105,451917.62
7942601895,591279.44
1727850350,1102576.6
9407150310,336381.0
5569620550,709073.56
3179100480,501071.94
3624039111,193636.34
7844200050,316609.38
3304040020,382993.47
7739100155,575595.2
6099400053,176844.31
7468900270,198074.67
396100025,363657.1
1160000255,358316.25
6300000320,383427.62
6392000570,356786.94
7387500235,373517.5
1121000058,524852.06
9828702120,563370.44
7715800310,444163.0
8562740370,721800.75
5637500070,404259.53
5561400470,640785.1
1189000205,450562.06
2412100025,352561.97
1073100065,315082.22
5160300020,551749.9
2770601677,495330.62
5104450070,430497.94
820079043,429844.8
751000190,369162.0
1823049179,362363.0
7430200060,1295686.0
3331000035,515408.3
1775910370,535731.4
3626039299,512031.78
1546600125,654218.5
3260810150,328528.25
6817800330,259718.78
414100045,383462.0
1326039061,390005.8
4055700030,1105767.2
1225069038,2342782.0
2296700260,452143.1
2822049160,220773.55
3395300260,521414.66
5144000036,323484.84
809002290,957068.44
7334501410,329293.94
421049114,178293.55
2623069010,797178.94
1133000144,513190.88
705710290,340931.56
7313200120,587812.75
1269200150,275113.44
9264930970,314001.72
6819100020,2094761.5
5112800421,272652.72
7846700850,294806.84
7227501450,243710.84
5451210150,611234.4
4140900140,419396.4
3537900180,947725.06
7738500475,468453.72
3541600450,410773.75
5379800040,324112.0
6664900330,276335.62
6056100312,341850.66
7766200013,546341.0
8651720470,466603.34
5690500095,822248.06
5423010180,774063.94
3204300610,568832.9
3425059066,574179.06
7856660130,991742.25
2954400520,1242106.4
2327000110,866967.6
9526600340,686332.75
7695500200,440720.78
7237501180,1229233.4
2008000550,269411.44
1123059126,559121.7
1775500371,796497.3
3459900230,1659311.1
2619950310,470051.78
1771100330,313901.72
1321059097,317626.75
2420069278,253912.25
3832050570,297680.06
7132300525,426834.62
8691410700,715761.6
7967000150,343214.5
1328300810,359677.5
711000110,1209540.1
9485951460,421073.22
1771000970,334273.25
2817100900,265531.72
6817800630,393196.28
3558900450,497476.56
7215400770,387556.88
4222000320,198039.36
2791500270,267372.75
424069018,771182.2
9547205180,658699.06
5631500947,553242.56
1425059193,1188944.0
567000775,423335.28
3904900610,506784.1
3649100346,406057.03
1624049228,510429.7
1559900080,355157.1
2919702040,619007.7
4013800206,203324.95
1025039292,1196648.5
2771604640,812688.75
7203600550,253319.9
1545802830,270536.84
3303910010,604478.06
8617000060,919241.4
7889600190,249050.28
3325069064,480055.16
6300000337,539288.4
1172000150,346626.25
3348401319,366354.47
4188000490,890104.9
7779200355,620864.7
8029900110,439000.06
4060000290,219550.52
9475710040,405681.56
798000535,224891.89
6415100410,403590.4
4299700095,286313.75
6117500955,396272.97
2421039075,198779.58
3362401935,539425.7
1545800205,293881.34
7645900235,717211.6
4141000060,1180420.8
9485800050,646195.25
2436700280,849579.75
7335400400,217557.92
9294300495,776090.75
6649300190,397561.5
7950303270,367147.03
2391601010,438395.5
8129700728,595202.44
7871500685,605418.5
1498304065,559342.5
3862710010,429604.25
9209900335,566946.0
952006857,348688.84
2322069168,659255.9
1775801090,470521.8
5700002165,523917.4
4029400080,413015.16
7796100080,924691.9
9279700150,1925470.0
3876200060,427743.34
2934800025,308040.84
9359100101,918317.9
3330500335,341602.97
4027700466,375764.47
3204800430,404421.5
5415350770,748965.25
1443550020,489536.94
2810600022,342808.22
1238500281,504399.78
2591020140,475615.75
7137900960,233775.45
1328340630,292546.66
3529200190,326064.88
1624049291,737247.44
4083301120,599759.7
1873100060,655785.1
1773101159,266404.78
7214700350,512002.47
3856902250,594203.7
7169500130,516534.66
4038300010,416248.94
9578500810,434374.1
3345100184,354343.1
452001860,461906.28
7905200037,535096.2
9376301110,507062.56
873900240,298405.4
8682262400,411053.56
7227500910,173786.56
2392100090,474512.56
3221079050,411906.7
4307320280,351976.06
3211270170,497261.7
726059483,726979.2
424049043,886023.56
6865200140,631610.94
1155640050,419346.4
4139430250,1436034.5
818500100,170788.69
7999600180,171645.12
4099501215,919096.75
4046700140,395555.6
8857600490,203176.28
8677900120,508381.03
5379805253,191348.28
9211510410,231902.22
2337000150,281950.66
1423049029,264120.94
4036800580,446843.06
3942900010,328567.1
3438502715,388591.28
7625702441,394178.8
3905100610,461191.44
2218000335,508344.7
3034200516,389162.06
8024200625,401741.0
8564500020,333256.9
9550202700,448808.47
7518508625,599565.25
1822350070,363019.16
8921000040,868636.1
6648150090,1664227.1
2402100675,690667.0
42000127,272808.78
5100401160,500770.5
7347600507,245447.84
1839910300,332092.53
1250201550,771337.4
9460000010,290433.4
3356402232,205528.73
6819100150,718506.9
8645501330,251890.62
1556200005,869285.0
40000228,186918.34
7300410010,359072.94
4299000030,367238.1
2629600016,461716.88
662310900,365806.72
1909600046,511096.03
7893207490,204124.64
2524049318,1680139.1
924069210,743867.06
1591600527,321214.28
98000060,1203332.9
6392002020,586875.06
2719100400,521335.12
8018600655,426053.38
2141500020,466418.72
3277801580,502136.3
7237500110,1038775.1
626100023,575762.1
4319200820,351425.0
1422029138,593906.25
9517200610,363582.53
7334600280,291327.75
8820902400,525956.44
8944600060,512727.6
100100050,317804.6
8074200100,256079.48
1836980240,765115.1
6648500440,307704.38
9530100225,613623.75
2883200875,659152.8
4218400175,1034250.75
1022069183,590184.25
6398000171,473313.5
5021900160,725165.0
8078410250,546232.6
7972602490,338498.16
1962200435,747694.2
7221400285,251021.08
273900030,232566.66
2708450020,494508.88
4083306616,456574.1
3034200435,597015.4
7855000550,1175705.5
871000155,641395.25
8024201714,519701.44
2625069038,1447347.2
2324800350,855495.44
5450900010,1454466.2
1822039225,515238.75
2460700700,277207.47
6679001060,325818.38
2422059111,321388.0
1250200345,300088.62
5589300370,317682.2
2021201000,1358571.9
4302200336,252345.3
1328330290,338355.2
3438500781,392508.4
5453700020,651241.1
123039147,408622.47
8691310070,863105.2
6450303785,323346.97
114100234,461909.34
9212900820,501989.78
4270600025,304434.62
7201600190,460794.0
521049227,806909.0
6300500479,431538.72
1432600100,228356.11
1024000109,360728.7
1430800100,334248.7
9164100125,533192.06
1925069183,514501.75
7852160080,917155.56
5317100780,1567778.9
4083304835,563155.06
9478400080,746673.8
4463400195,222732.48
4232901525,562703.56
3845101070,386026.4
1843130980,298148.84
3810000480,318683.84
7137960440,286070.0
1231001115,384276.9
5101405340,518504.4
3723800409,631118.44
8651430370,201918.02
6135300010,239805.48
23520380,496428.25
2935400100,543460.0
6137500320,968502.5
7841300230,332790.34
3521069051,470353.12
2621400080,305055.72
5104530240,339159.94
2022069200,454048.66
5469501850,396833.06
9206950110,301880.34
3298300210,361523.88
2810600015,392292.1
7298050090,497444.3
7202290620,451081.0
3211290370,456275.06
1591600506,389828.06
2827100070,394246.5
2482410130,402053.0
4364200125,457969.56
6388910730,553168.2
7436500120,492169.62
1822059156,768649.75
9432750190,482018.62
2205700405,426870.03
6056111370,324875.16
3205500160,391760.1
6139100076,356405.38
723069135,431853.66
4123830070,316619.66
2472920740,432024.2
6134500220,638155.44
2734100395,227786.67
3574800090,435154.84
3126049107,527730.0
669000210,991877.5
1139000620,327424.12
3825311190,698151.56
7300400320,360631.34
9407150250,293155.78
3679400503,309224.7
641900050,416979.6
9169100130,568834.5
8091800140,363734.78
9547201155,516457.3
4154302045,297936.78
6638900265,767426.56
1423069063,440893.16
3335000025,401301.03
9269200650,272942.0
1781500180,337247.62
9211500520,215721.22
1853080150,861228.06
2767704756,469557.6
2206700295,454927.25
2557000380,291565.12
11520200,783932.6
3832710680,233262.12
2569500210,332965.6
5230300210,264118.16
6447300225,1665954.9
5035300325,1131467.4
7853301660,733378.6
5411800250,329476.75
7203210170,726405.4
4302200415,341024.56
7942100290,219241.69
3629860160,817552.7
1423069076,602882.75
525049085,608099.4
3306200230,228182.83
2193310300,466706.6
7978800621,247394.16
4027700632,440221.75
1761100190,222363.19
2749600245,555667.5
322069141,479625.47
1900000035,195167.89
3361400190,184854.17
1604602050,542079.5
9421500160,438634.72
7788400180,284815.62
1566100625,483641.28
3861500340,247540.02
2524069072,329642.06
3013300980,481554.56
4191500130,635035.5
9407150130,315935.25
3904902500,714492.44
9510900140,244912.86
3368900084,321919.62
3432501415,327245.56
4254000540,481230.44
2767603250,556511.8
2923501130,643048.94
9183703045,285983.0
5279100675,320401.06
3905080310,511431.5
2461900375,655218.1
3346300356,559047.56
1865000110,358869.94
9264930400,313147.94
3447000100,617009.7
2313900510,508500.8
7518507330,580362.56
9368700270,225028.55
1137400420,391963.75
2023069054,278425.4
2141320230,625076.94
9536601295,332154.62
2424400130,358754.62
5210200081,442987.84
4443800785,549233.06
7292700005,512600.0
9834201205,262084.02
3275800050,277554.78
6926700654,720777.2
7511000140,1527431.1
6821101895,557399.4
8964800695,1144643.2
6821100195,611900.44
1226059105,642017.6
2806300070,1145386.9
1720069029,323453.7
6384300020,471084.84
8928100125,610507.94
8562770720,549484.0
8650300130,718602.8
2126059172,446443.94
8812401450,718002.06
6646200280,623404.7
4021100045,542281.2
1155620190,415091.0
6061000010,357484.12
3362400472,406476.62
9558020240,478033.6
7309100270,512146.53
7137950210,318089.94
7849200635,228054.25
1311200460,251953.58
284000095,1228595.9
1509700050,319415.0
3438503014,311572.7
9406450090,337297.8
5096300140,385149.03
8923600020,1426927.5
809001070,754480.3
2291400342,299052.7
644210020,811275.5
6700390090,254699.0
5631500285,740387.06
104560120,293362.47
6413100311,380208.0
2558700090,433937.28
1471590060,741468.2
8914100170,585111.9
5652601035,336438.1
7852120140,719250.75
6163900952,370470.12
5215200050,818534.9
6352600490,772929.44
3912000020,556771.4
8830400135,222657.94
5467500040,391388.53
9406570300,427149.4
109200390,222570.05
2025770310,680561.9
1939120450,656213.7
7524900003,2526071.0
3755000120,359786.6
2473002850,479518.44
7625703945,409866.3
9477000190,433313.66
1727500230,416221.12
7011201087,517223.78
5561300750,484236.66
3969300030,214953.38
8097000330,307366.22
2025049064,733029.75
985001321,253440.97
1775500050,484631.2
8849300160,368802.03
2316400285,528659.4
2423020180,627289.44
7128300500,482597.25
9512501400,422341.25
7200179,172641.97
5490210670,542143.6
9527000330,584502.9
1972200326,525389.44
4151800195,615462.9
4046500320,369747.25
9834200885,444491.0
8161020050,487711.22
2891000750,215585.48
3426049031,1190931.0
7387500195,271173.06
6303400395,139755.02
638100015,442983.62
4107100204,2469654.5
537000255,200589.84
985001266,267609.47
1137410040,466218.16
7229900250,257843.4
3905100840,509638.3
8100400160,645773.25
1346300150,2392142.2
1443501020,228273.6
5490700035,368537.28
1954600050,415077.94
8122100690,408488.03
3663000070,516010.28
5101406375,472223.75
426059055,503472.22
9268850160,337344.78
8731800840,245265.8
3331001910,329896.2
7603100020,1015411.8
809002705,789734.56
4364200075,307312.88
1113000430,182561.9
1176001117,603082.9
3320000212,419226.06
9286000150,1344054.8
301400830,256790.17
425059024,643633.6
8835350300,509428.88
7100000135,336296.3
7696600240,207936.38
9808640320,965897.6
3764500180,593984.4
326049060,617132.7
4017110200,438838.9
7224500300,252790.67
1560930050,501452.94
726059395,392363.56
8964800890,2699253.0
4045500620,598443.3
8562710250,921666.8
1775800710,370524.16
9528102865,736317.1
8096000060,682589.9
1591000015,276038.78
2310000430,287130.78
3902300350,602581.56
4068300280,262883.8
8732130730,247774.31
6791100410,544050.7
7660100236,406454.9
2568200070,817106.8
7697870310,258619.16
8562901100,632918.8
4016800120,322258.72
7338200180,545158.0
6791400320,265293.03
616000200,411006.12
2917200675,441176.22
2926049086,595159.9
3621059048,413685.7
7987401095,697408.25
5589900590,383830.8
855700170,518249.3
4030500130,296405.56
1755700060,381403.56
2413900050,649936.3
2489200250,438924.28
420000085,230991.08
8106300820,481478.78
8651730580,446327.28
8106300090,431599.22
9842300095,431400.03
9477000280,406589.84
2877102495,410433.1
868001030,1040396.1
8564860110,561779.7
6762700452,555096.56
3294700310,214429.64
7231501665,225586.36
7525900050,580798.9
7882600326,1678164.6
104550690,299438.53
3425059076,1387903.8
8835770170,2022385.4
2581300010,1110383.1
844000180,217031.56
7888100240,239755.86
3845100670,474760.62
4027700812,498655.03
291310390,349675.88
9550200370,626491.3
2328800130,273310.84
2372800100,248681.92
2923039264,679796.44
9282801720,310949.3
9520900230,589599.75
985000955,247541.19
1099600090,225280.64
9211010320,540384.44
3825310820,792792.25
9545240180,577623.75
87000245,264552.5
5041300100,625927.56
3624039150,256014.78
1370804430,581087.5
722079056,459058.38
9126100815,509927.1
1770000490,345756.3
3995700250,398261.25
7214820400,403383.78
2473411130,345067.5
1824059079,978075.9
3080000030,443608.47
984200540,305354.06
524059063,1825521.0
9482700475,749342.5
8024200820,502924.2
8568700015,356960.16
1223089050,362126.38
2205500400,476514.25
1279300085,679859.3
7376300085,467596.72
322069020,456691.22
291310150,365233.28
724069059,1877823.2
5255200220,411760.97
1931300850,467450.03
4427100105,403719.75
2881700231,349181.0
8641500280,299646.22
5406500440,680939.06
8078390150,663033.94
8945300090,225374.77
8819901030,784522.75
3179100220,772172.75
2126079046,401574.78
2621750350,327265.22
4014400190,454132.7
7853420110,611533.5
2114700368,281486.4
3438501081,249683.81
6850700670,822167.3
3352402272,262650.0
4157600150,623919.1
8151600941,308248.62
5160300030,551588.4
3820350120,313574.7
7338000800,188409.34
3359500110,749949.44
8016300240,572781.1
7203120050,809044.94
3322049201,226978.9
7231502505,248370.02
8106100105,3698767.0
3895100039,918309.1
1001200035,215616.95
2724201202,212253.45
4038100110,536245.1
8827900015,610762.44
2644900109,375677.75
302000375,238809.3
1604600095,376114.38
2600040160,625312.44
2129700525,308076.12
603000555,327206.25
4083302225,911487.8
7298000090,446479.28
2484700015,517905.44
8945100320,213730.17
5112800042,437975.97
8091411100,286870.22
7375100070,450024.84
7577700061,499085.6
7923700030,434275.5
4235400186,417754.56
1498303700,735185.3
3876312350,420621.7
3797001815,416649.66
868002015,1308861.6
597000550,423469.75
8956200530,422065.84
2207100165,483075.22
7942100180,218106.78
2468800040,361010.53
9842300036,377977.0
5700003985,1917235.5
2988000070,374999.06
8857320260,485507.8
2600040130,549869.8
6632900452,603345.2
7518505910,531104.2
1672000170,658002.8
2597800010,617239.2
8562790720,714708.5
4219401080,1732211.6
7000100711,734734.6
7954000125,584530.2
5700003640,2147294.2
5700000275,681732.44
4019301205,452672.03
8943600360,281158.8
2954400400,1307470.6
1321400060,272112.4
2255500123,628623.1
2781260070,392777.62
1313000220,709688.5
1125069153,1560652.8
8899000310,262713.38
4139450360,894972.0
5511600315,548450.06
3575302575,501434.75
3226049054,468394.3
274100090,316571.62
1545802080,247930.08
6669020500,293687.75
3307700405,539332.1
3760500407,1868211.5
7853270100,704764.25
9320350020,542966.3
7715800430,488288.28
6791400100,385577.9
7708000010,378966.34
1448800010,281266.9
1782500035,345992.8
3449500050,532161.8
2856100515,779932.7
1245000461,906135.9
1219000043,349183.34
5409800110,373132.28
2680700010,693282.25
8143100350,382922.25
2597150270,280499.72
2966800010,322538.8
8854000010,723957.8
2207200635,453094.44
1722059222,316025.66
9358002305,440147.88
6392001950,482460.6
3630080070,390493.0
3797001702,994570.44
8127700440,664557.7
1446400785,216559.75
5016002275,817250.25
2818100060,1306721.5
6431000748,379759.38
7972600450,315083.72
8078570380,315810.84
7889601320,193351.05
1762600280,952722.8
3026059085,1612156.9
3475000080,671500.56
1370802620,683305.7
5151600285,292192.28
2722049218,336124.78
7696300080,402029.62
4168100020,232171.1
1474000050,444243.94
2473480350,324973.38
1139600270,306096.38
6699940120,351881.75
7016100120,413964.3
6752510010,763437.25
7915100490,616290.44
984210170,311735.88
6159400030,405566.28
3013300968,393041.8
6404600006,236918.77
2770602170,431080.5
1922059401,229851.23
291300010,356207.94
3856905185,521757.88
7304300905,299003.34
3416600185,549505.0
1786810040,688715.5
4354700010,395955.66
3902100175,845154.5
4305600360,429620.25
3622069114,648258.1
4376700570,581812.25
6795100589,604222.2
3344500085,471079.47
2206500105,423305.4
8731900880,346225.2
1682000160,204538.34
5104200380,253296.95
1982201595,550798.3
795002190,221984.34
7228500375,555193.94
9412200280,478153.5
5071401000,841996.06
597000566,329160.16
8151600101,158598.17
2028700265,540562.8
1670400090,142189.44
7851980100,1098566.1
5595900345,417018.56
4046700300,356206.9
4324210120,279100.4
2616800050,541073.4
1525079069,672540.06
9828201020,543368.8
2723069146,665250.75
9468200100,572231.9
2883200961,575618.8
1137300690,676622.6
2473100280,333790.62
723049448,242724.6
3066410810,683656.4
5700003280,975694.6
9268200440,435062.28
4053200410,299487.94
1234000704,1227723.2
2473372170,416062.78
2523039239,257579.2
4324500490,207129.27
238000244,459115.3
1105000571,363142.1
1771000430,319133.38
666000142,854884.56
3389900800,467271.75
3578700017,578352.5
3629970190,763002.0
255450250,328794.03
1154100205,297816.06
3629890190,1142076.5
3905080870,522253.72
8155820110,303413.8
5135000170,769467.56
2464400435,561620.56
9482700080,542579.6
318900080,454181.62
9477001410,395731.78
825079019,682606.8
1471701200,423662.8
5606000120,904419.56
7853350220,572322.5
1776460110,428124.5
3904920980,679953.4
8087800430,543780.44
3298200320,398689.16
9122500080,296026.16
7893804845,329991.53
1370803730,612090.1
8001450170,289487.4
5561400260,691694.0
7308600010,791230.25
3524039060,285023.5
7300400150,355823.6
207700050,544197.5
5595900355,221318.48
2652500285,834064.0
6744701310,2116101.2
525069127,1357411.5
3334000050,421865.44
8682220390,732319.1
4038700380,566307.3
8073000265,379113.1
9521100960,706080.1
5634500688,963773.0
6813600440,410045.38
1072010350,494129.38
7853301700,637932.1
5141000571,274358.06
2013802060,607523.2
7852070210,1201583.0
1402970070,331491.66
2310040020,371818.3
646910560,247918.73
6647400090,441351.7
8682231110,570781.0
4376700330,622325.3
8069000075,681003.4
7147600220,211097.14
4142450330,271864.44
5101404698,446502.28
6154500070,991644.8
1592000640,589863.0
3756900027,537431.3
7203220130,910207.44
643300010,546521.3
8651720150,492423.16
4139400910,746009.0
5054800110,336355.34
8835200330,430559.1
7682200340,255324.75
7203600745,402572.5
1895000260,226882.61
7922750020,549091.1
5437200050,440281.78
8732160250,258564.9
1442870440,503060.9
1471700410,363835.75
3204800330,382991.66
1923000160,928554.5
2719100013,375370.12
3814900380,375158.62
326049038,473513.06
1068000110,1019496.8
8835800010,1244303.4
1560920200,462373.0
1668500090,660015.8
2597530070,823487.2
1139000035,574171.94
8032700072,486461.2
7732300390,730408.7
5130000080,514246.66
9276200890,437695.78
342000036,471421.94
5126300060,474976.62
2331300505,725013.56
8651410090,178671.77
200800330,453010.2
7520000616,332459.5
7170200110,515614.3
3021059155,211799.3
3582900280,966651.44
7340600845,230738.53
3905040060,515020.16
3224800120,306809.2
6021503740,501487.84
2570300130,467624.8
8121100395,455374.34
3356404198,253002.9
3630090050,742755.56
923000413,469875.66
9201300020,1454879.8
1777600210,694898.75
7738500731,3718956.5
686900010,1027300.8
7967000160,341311.53
3413700130,580074.8
7852190290,592229.8
1180007375,550764.1
3353404510,285560.03
7802900380,302874.62
8021700715,641504.1
3205100080,448736.56
4477000290,540176.8
1118001645,1421550.1
7979900806,316156.78
7228500415,702296.5
7212660640,319916.8
3826000735,191852.05
7714000250,427106.62
4400200057,686971.25
2487200279,587985.44
7140700690,268422.03
3304300080,587325.75
2887950110,250062.72
3760500222,733316.4
9269200786,398086.56
3734900110,247973.11
5045700400,555601.8
2140950130,467575.78
2612000200,378740.16
8563300085,434847.84
2425059173,653723.25
8091410930,296598.97
9422400035,589517.1
1112000100,610747.9
1323089056,416850.38
5015000596,851081.56
1535204165,495337.22
1438000430,483547.22
3222059130,510409.72
1982200330,650867.94
6624010010,236356.83
2303900035,4270006.5
259600620,509883.3
6072500490,463820.72
123039633,331931.7
8562780090,322129.97
5249802240,608208.4
6071200400,547685.9
826069002,325653.44
2625079030,672732.5
6742700210,1205800.5
9253900408,1718938.0
2560803085,249881.06
1237500540,341121.16
425069020,1168465.6
9185700440,2825382.2
8656300345,353904.38
4245400045,247818.5
9834201370,386705.12
7853300770,418017.6
9551201295,529486.4
898000220,235661.8
3834000720,366108.6
1245500690,763650.6
4083304190,573417.3
4178300080,742443.94
2960900045,590117.9
1446801030,243362.0
7855800910,745570.2
7853310150,614791.75
8732131090,277186.03
7967600285,498886.7
8651520510,595225.1
5379802650,235182.23
1425059174,483572.1
627300105,946471.4
3124089049,482888.22
1778350270,719283.6
8691500410,370469.4
9169600043,564982.44
100300500,309828.34
3221069054,721891.6
4443800385,559560.1
7922710450,691454.56
7880020030,670059.94
3288020050,349989.8
4136980090,708176.75
1687000240,292895.88
7812801785,253717.14
1126059144,653639.1
792500260,396296.4
3222049055,627509.6
8635750090,684584.75
2767601280,806205.94
5347200162,246935.45
7503800210,283554.84
3394100020,1021309.8
7663700783,412541.6
9454200030,382511.66
3791500050,272457.25
582000185,600005.1
3211230260,421787.8
323059103,377035.2
7297700055,351926.38
1545805460,255103.75
2341800195,306518.78
6648700150,284130.88
3860900035,1590432.5
1980200236,574654.0
1180002745,343664.53
3275890310,706183.2
6840701100,501573.94
8651402750,180513.11
1588600045,413784.34
2422029094,372660.38
1702901500,373583.4
3755100005,482996.0
3624039074,275534.34
7950302995,420289.28
5273200060,637417.0
8025700460,264265.06
280610020,991685.5
3333002450,438841.0
7379600240,572444.75
4058802300,297537.56
302000065,182221.48
9527000180,586647.9
3626039403,347544.12
9510900360,251417.83
2310040230,381756.9
7308900490,602370.1
2206900065,344532.5
324059161,985740.44
7345310100,220136.52
2422049107,326416.47
8146100095,631663.4
87000283,367151.94
7937600010,316430.38
2618300350,236238.3
224069102,563976.8
7129302095,205929.38
7352200025,966012.8
6163900333,354060.7
3528960020,668836.7
1687000220,291252.47
4141400030,559923.1
1822500160,348673.53
5467910190,359142.8
9331800580,275239.9
2407000405,197331.44
5466700290,280600.06
3026059361,453853.84
1523069096,474576.8
3876312010,457794.03
8832900135,807462.5
9238900616,615502.8
4142450040,288390.16
9282800065,264034.06
5379800862,324896.53
2459950010,283148.97
4435000520,194708.7
1552800010,324595.2
7549800543,304118.06
9828200460,427122.5
6345000160,1059027.8
7129304105,334377.2
4302201005,323679.56
2450500110,760979.6
5166700050,527384.9
1085623710,402150.03
1123049129,260105.72
8566100200,1037493.0
1774000780,454421.22
9492500170,868649.4
686530530,608876.4
4022907770,567862.7
6052400975,283690.88
3438502501,469530.28
3758900023,1225227.1
1645000580,249803.62
8099200030,226522.42
7635801371,527261.2
3456000310,945278.0
2025059150,867740.25
2624039114,465517.94
3348401095,283062.84
6633900170,498534.25
2600000510,712958.25
9414700020,332258.84
3204800520,368035.38
1844500025,348152.22
4137010590,396594.72
8564950280,510884.56
1338800491,872114.9
4058801702,724258.94
461004720,541186.44
3123059107,594182.1
6819100380,585983.06
1193000390,1049307.2
3450300270,350272.62
3110800040,269786.56
1437910090,553056.4
3645500050,395152.9
4338800600,242760.23
2114700530,343929.75
6381500450,339110.78
9206950200,309306.97
4232900940,823896.5
1025049174,1095682.5
7774200070,727276.0
1231000310,537984.1
8155870200,317136.1
7935000625,1039126.9
2426049079,314944.03
4037500230,505653.47
2331550120,331774.4
7974200765,544803.5
686200510,603714.75
4024100670,457661.3
3834500195,499209.38
3526059115,604607.8
7950304075,325445.1
1386800054,304688.78
9834200165,552729.44
6147650300,308220.12
6891800360,545963.4
9170500060,617285.7
65000260,829895.25
7784400130,553646.9
7941140070,368389.34
2122049096,193730.36
6003000851,334108.16
7203220050,947593.1
8898700960,308990.62
5245600105,202823.16
3530470190,158257.47
7883603965,287415.72
4022902505,517734.56
3211100240,352195.3
5119010090,526988.2
3821000100,250977.77
7301300050,359911.88
2171400197,381395.56
9471201175,1652389.8
2473450200,389263.38
2258500045,415723.28
1139000400,465677.34
3298701025,247538.12
1498302774,315653.06
9276200190,663810.25
2909300240,663310.3
1250200693,579631.9
3101500010,318176.72
2557000630,262295.8
1324300091,359935.22
2826049260,449358.8
3342100421,672839.7
3524049083,410071.2
9103000393,1341383.5
3121059033,246298.33
7853240200,587464.7
7950700120,247251.94
1822059057,140896.14
1219000473,310740.03
9272201385,752091.0
1336800185,1079343.9
9268851630,422298.97
2788400315,242373.69
3529000930,561073.44
5631500967,443205.03
2188201010,236901.6
8562970040,780755.0
4415600030,341534.25
2473251170,276954.84
7511200020,556987.0
1163400020,264048.4
5412400180,241060.64
255450400,351791.16
1687000210,293551.1
6749700004,293857.78
2738650030,536253.3
9136100420,739257.5
1924069115,861048.2
714000155,607527.8
904000045,744499.44
3395070640,285661.34
6308000010,601040.0
2695600130,365485.2
3626039279,397635.06
1623089039,236969.61
3438501327,308542.16
8118600025,386663.47
7625703435,884764.6
1807900300,702443.25
1862900360,297274.66
2768100186,491295.03
2524059269,990998.2
1126059108,906353.7
7856610130,794539.2
7203000200,246136.53
3630120700,762513.9
1612500090,245606.61
3586500620,922896.44
5207200360,489248.97
6675500035,417994.47
1781500385,362778.62
1150900080,809129.8
9541600355,817116.94
7525530670,774435.4
844000375,363871.8
9578140180,354112.34
9558041130,329743.3
1788800910,193463.75
9550200225,546412.4
8643200055,260063.8
6143000020,266965.6
8941100095,1076096.0
3630010020,430587.03
2895800610,329437.16
822039084,708317.94
5423600080,525775.9
3992700775,452091.34
3816700150,442172.38
4083302485,720296.9
5127000810,337094.25
1725059182,1319370.0
9485930120,369920.78
293850040,610297.2
8731981940,313087.62
3330501545,271747.53
1026069061,738919.9
8121200710,494900.94
3764390100,444647.84
9493200010,345637.28
2902201301,662538.4
3444120130,491014.47
5256500025,477248.72
4022902715,595638.5
871001500,724000.6
2329700440,193489.77
1773100275,250065.1
7852160070,1080418.0
2141330560,608546.6
2505500009,739473.25
8647800150,328417.03
4337000200,256596.77
9264901680,257641.61
1773101050,322067.62
9320990120,328696.22
8856960280,327127.6
5589300585,302777.3
7935000595,998104.1
7203150080,655543.1
5616000030,320112.12
825059178,3914411.5
6666830390,731569.44
8732900840,635388.06
2095800520,486904.44
1771000760,342994.6
1901600090,376130.88
8857600680,225410.66
4038700830,588008.4
8956200070,401026.72
8081500050,1952011.0
567000755,412153.84
424069264,725261.8
1564000410,871942.7
2817100910,318469.66
3303960080,881388.4
3340401535,217922.16
1622059095,285945.38
3278601940,357638.94
7202380120,462023.47
745500010,804057.56
6608500220,403213.4
8024201055,387540.62
8929000140,437315.66
859000160,292137.94
8673400061,427988.56
1269200229,861640.44
6705850300,749551.2
3395040550,297470.3
1697000370,210686.66
5245600120,234710.8
8892900180,220582.45
1794500360,779157.25
2025049192,581704.06
1930301325,877135.3
4217402162,1351731.4
8126300410,545499.1
3345700215,624275.06
2887701420,446086.0
2887701251,457332.34
4036100175,679950.1
6762700515,1051535.2
3192000085,187348.81
226059096,1186101.4
9238900855,453528.9
6706200130,305321.72
2744000010,272016.66
7202271060,683865.0
7923200150,543575.6
162500030,324444.47
2571910210,270950.75
1523059105,335328.5
6052401215,216486.86
6626100260,744065.06
8925100115,1268541.4
5459500165,708142.3
7686202635,180015.25
1118001370,1265101.8
122029066,435163.97
8039900130,332771.3
3262300235,1206437.8
8860500300,319911.62
8956000250,554893.8
1646501920,522806.88
9284801500,408382.88
1442880380,475765.0
1311500020,250498.08
254000695,365416.2
9477101280,420002.78
9510970530,639957.0
6891800500,539040.0
9407000230,301995.5
7202340590,693529.56
8151600590,333825.0
9407001600,284522.44
1771000690,316601.22
1525069134,1052222.4
8645540040,287671.84
9414500200,436585.6
7883607645,224246.17
3845100140,335039.84
2726049164,457496.38
4340610040,289213.12
1245003006,1197017.1
1105000373,254352.61
6083000123,181868.89
1777600450,630398.94
9558000100,404934.0
2473002060,321444.4
943100689,342196.4
7544800395,452814.1
1931300090,634842.4
7936000252,539150.56
7987400316,252824.17
5152700060,629364.56
1721801025,208311.72
3438501450,314004.4
9222400510,357233.97
1796700160,267827.78
323059208,396861.06
3392100050,191451.6
4038500210,640430.75
6324000090,429429.75
7549802535,406558.8
3343900326,503340.2
5701700640,838031.44
5249803185,518388.22
8838900032,898150.1
1237500577,954294.1
8642600090,323547.47
3303100075,462638.53
2133020020,379856.47
7950302890,456797.5
2770601734,694270.75
2538410140,337624.12
8159600360,588518.4
917000300,422021.97
2391600330,374011.9
9285800585,488195.62
2005950050,230661.97
6450301835,357017.03
2473480520,332967.8
2818600010,1354168.8
952006728,354532.38
3422049088,304905.94
3629870420,970594.94
1079350090,320459.72
1509500060,393369.2
4039000050,493744.53
5288200230,648913.75
626400020,756626.1
5457300095,1674566.0
5000500055,213898.39
324000530,469975.6
6713100031,422301.78
3316500200,512219.3
3124059006,1305646.4
1125079111,1628650.1
7852020300,477985.72
123039364,241854.62
7883603190,253949.78
9828700900,570068.4
6821100015,634438.7
9522100375,698006.44
2420069201,248709.2
7504110330,750280.7
475000510,568013.25
2425059074,899821.1
7518503685,444696.62
5466400550,217345.98
7852150720,415525.5
3066400140,618946.25
3298400470,487640.5
2902200874,731411.06
9500900110,205510.5
8835200160,341193.4
6056100295,289184.97
1858600042,337969.16
7224500010,316129.97
5457801925,838206.44
7575620750,264285.47
2391600735,488961.2
6192400180,776280.25
5249803870,540477.75
3575302880,416446.25
7225000045,214050.83
5561720180,284278.6
1972200428,510073.97
892000025,177321.73
2944510080,283722.0
2428100100,802044.1
6647400250,475567.22
121059038,426030.22
6398000191,546937.94
526059103,324659.88
8856960720,309298.4
3832500260,259824.58
1623089025,482420.56
3625710080,1155142.2
6446200060,664349.2
5706200370,482325.78
5515600088,233807.78
8029500360,332773.84
6700390150,253921.2
642500080,403376.47
6150700264,360075.28
2473371780,373147.22
3905120540,580188.75
2652501215,745400.25
3176100110,691493.5
7574910650,799349.4
6385800030,295932.47
4443800960,522186.0
8731951490,279463.97
3380900125,345402.34
9828701508,625109.7
6699950310,355169.94
3321049112,391774.66
1824079052,953910.1
8032700140,818204.75
8679600150,511296.4
5040800120,893163.56
2026059119,432289.62
4024100951,451181.25
7212650990,320081.3
936000060,353721.16
6181500340,336443.25
1137400050,414737.66
3324079092,424285.1
4268200055,293964.6
6145602240,398635.94
475000176,447220.78
3279000120,236268.48
9392200030,257673.3
3438500714,373327.3
4306500070,383934.78
8588000610,175470.94
792500190,342713.4
2461900850,432697.97
2660500365,341928.9
5451210100,773952.5
2787000040,295819.6
3278602670,198983.86
9528100899,616994.94
1324079085,339246.66
9477001140,391972.38
9521100880,718566.5
7853210060,425086.22
1326069094,394857.2
3420069065,387233.97
5468730280,266673.22
5437600140,338220.34
5127000410,356631.47
5445300050,582715.1
3375300360,251802.72
9297800165,582359.06
6021500840,630126.06
4323700230,459851.47
643000110,254793.98
8043700105,2528423.2
6824100014,402962.38
9542830480,321663.66
736100065,917229.94
2592210510,866249.44
4233600260,1142014.4
1266200015,722012.06
2787700060,355697.03
8843900396,379916.97
8029500380,277226.22
5292200010,440165.5
1773100980,324053.9
2886200070,588083.0
8594400110,336782.25
9268850180,323582.66
4141800285,1630381.4
3188100007,407854.72
1796380960,265316.06
7202330030,488119.75
8078440140,545237.56
7983200060,204766.89
4427100025,402265.47
2113700510,268263.38
6446200305,708843.6
3425079088,537057.8
3304040130,362532.03
3222069153,291498.97
5127000470,351551.03
7525100520,395997.2
1868902745,822234.75
2920700220,357450.03
1105000780,402666.2
8563080020,853690.2
3630090110,794851.44
856000195,2036945.2
8649401000,206909.53
1315300095,730542.44
6802200670,251235.19
1523069022,315267.97
2624049165,451118.84
1972202080,525700.7
7211340030,247382.12
8850000180,387710.28
2787250080,518164.78
4235401055,531041.44
5226500250,492672.56
3294700421,328525.44
322069180,742176.4
1025059186,502932.34
1923039022,615955.5
1402600110,377767.62
6817810190,410871.3
434000030,665710.9
6056110460,538542.6
4337000285,239174.88
5710610250,603820.1
1049010620,193912.06
5112800234,314453.62
2309000060,558228.2
2985800030,470939.78
1604601570,369488.88
1563102435,810804.5
257000105,174098.92
6788201440,792093.94
1442300005,404851.75
4055700784,869356.25
3889100029,786609.94
4139450760,1044191.25
6079500230,635924.0
259601010,408862.6
3980300020,282903.88
9390700100,538436.9
7200001005,454323.28
9264920250,272630.62
8682260470,446947.47
4083303815,766319.3
7383450250,351312.4
253600180,419428.8
1450000210,177826.23
1133000100,439225.38
7511000050,1226918.0
5710600030,581242.7
4178300310,730899.94
3041700570,551653.06
1238500978,429179.2
431500155,651666.06
2937300050,941311.7
1352300315,214589.0
3277800823,336367.84
8895800110,1050461.8
9274200318,549135.6
1118001805,2254428.5
629810720,804414.2
6852700476,588071.2
7345200650,231059.6
8929000290,444868.0
5506500170,560088.7
8899000140,256788.2
4006000423,276802.22
7137910140,239665.78
2423020010,425774.72
40000362,143492.97
1657000070,227023.52
2124700015,257752.2
1887500045,268169.75
6838000170,462349.2
1310910290,302041.3
3599600276,200053.97
8142000080,349049.5
8856971000,289341.12
624100950,689895.5
2767704332,474618.47
405100165,404616.7
6117501755,437589.34
8961950410,311183.97
1523550480,602056.56
6840701160,565460.0
3331500650,300595.6
1862400517,370017.8
9558021000,361181.34
1310800090,209067.0
5104511040,361316.4
522059189,241720.19
3448720020,395630.28
1310700330,264699.4
5649600462,312819.0
1853000510,1069994.9
8128700005,304921.03
6352600210,858660.3
3754500010,786249.2
1962200475,879307.06
1773100765,232129.03
8895800200,933082.7
1310900260,304308.94
809001525,915339.8
2624049103,304063.53
9191200380,621512.2
6600060120,450810.9
8150100045,265618.84
9558010190,363567.62
4038700930,616747.3
2883200775,633645.3
4036800910,459887.88
8673400177,535219.7
7110000068,727804.0
3279000240,224904.33
9545230280,529437.4
8815400105,659603.7
6738700075,825863.1
8732030490,276742.84
9532000070,538043.6
7752400075,515395.53
3824100051,372919.9
2768000270,502902.62
108000127,511654.44
844000225,274826.8
6817850040,886005.0
4447300137,989147.5
8598900125,359568.1
5072410070,472524.7
7129300520,234354.28
3830210020,193763.8
4137040250,293361.06
3022079080,716286.06
722039087,213304.39
3924500040,635565.06
2473381090,339054.2
2201500490,363408.16
9265410090,217385.38
9286750100,388301.97
2023700040,696033.56
324000280,638073.9
3814800280,355515.6
7697100030,493841.53
8731900790,304423.6
8044700010,588802.44
6123600100,216437.73
1450100390,187512.89
579000550,469814.72
2459000020,331966.2
5016000315,513465.5
1193000190,819048.7
4038700730,589646.44
1556200265,675373.9
6600410170,204485.48
642800130,714976.4
1043000100,380823.84
7809200055,250300.6
7010700308,1142761.8
8680500090,538263.8
2719100355,618231.25
7905200147,500531.28
271200130,229990.05
326049103,527550.9
8682211030,438790.38
1070000390,1250008.8
8648700450,638799.06
2695600410,444362.16
8562710640,953628.2
1525200060,606509.56
1822039138,756300.06
2767601375,531001.4
3425069117,1389389.6
952004570,356652.56
7625702616,288939.9
9818700430,452118.06
2822059091,252480.34
1775900220,338838.28
6371000079,676831.75
293760150,984214.0
1336800880,1404188.9
2771600550,1084927.0
3905040040,513856.9
7787110060,449106.9
7708250040,343784.16
4022901316,498921.88
191100235,916387.94
7852050220,349618.84
3293700480,366283.56
2597450620,1396763.0
6169900580,1526589.4
2767602855,692189.56
810000080,969769.6
6392000625,486111.5
1865810290,164180.69
1568100380,336913.62
5249804760,391199.7
1337801060,848226.94
6181410950,235663.83
9264900660,298819.78
9122001231,558937.2
4427100030,367089.28
7334400070,311791.75
425079001,580591.75
7436500360,485485.12
1245001295,747546.6
1310500550,307422.22
4047200950,264121.94
9103000455,859078.8
2291400341,299516.78
3876100310,399566.53
7131300031,257564.95
7853380510,675084.75
7409700215,672000.25
5248800250,361331.9
126039323,401306.78
6632300207,348509.66
3826501060,258267.44
8024202520,430375.6
3343901401,532254.7
6431000005,547380.94
9232900075,345896.12
3056700150,225993.77
5104511250,465417.62
3658700510,646842.06
2895110062,309658.47
7454000990,279428.53
4038700680,568247.3
7811220070,621759.4
8091670030,362937.8
3438503045,250682.1
6388900710,500993.1
7956300020,195423.61
1775930440,486986.62
1762600190,977499.56
6600400260,213943.28
8728550150,576553.9
8155500110,590012.06
9169600135,466312.4
1777600490,681766.25
125059179,555550.94
7558700030,4678222.5
1702900624,345567.75
3343901403,545925.4
5101400994,371108.03
5547500050,269596.25
1705400350,363255.7
629810800,867662.44
4104900150,533279.5
7888000390,186889.47
4140900270,371950.6
6649900030,434515.78
820000012,416390.28
6151800080,342586.94
7454001060,251675.72
8682262330,421626.12
1566100010,368898.06
1180500070,412658.44
1112630130,401029.03
3101500090,411517.97
8682310220,694033.1
4032500035,430535.72
1623800440,482821.44
1088400190,247575.19
751000080,418473.9
6675500070,399922.97
2193340140,540851.06
522049074,374458.38
3204500340,270169.7
5104200470,449271.4
7517500611,688635.4
2946002140,240912.64
7631800110,1007803.9
3529300330,316897.25
3885801970,639442.7
5456000570,1058187.9
4123810090,359320.28
4037000635,516388.88
8079030350,481047.8
1726069060,675867.44
6858700225,228113.2
3356406510,210288.78
5423030040,592577.25
3111300040,446256.62
259800060,486638.44
1972202320,463870.25
5100403818,381318.8
1422700040,219337.05
3625049014,2724414.0
7852011040,577622.7
1201500010,704715.9
7195800009,299878.34
9407001320,266785.9
9508850100,622115.25
1328340380,288759.47
3885804305,1009102.2
7128300630,608226.94
7574000080,393462.6
3744000150,460463.22
2607720150,517300.72
7203190110,708501.7
3904902430,658421.5
11501160,788219.2
9209900315,495666.6
9465910030,558148.3
3622069103,701702.7
3288301010,490944.22
4395600060,792919.3
7694200380,328097.72
9552700550,676966.7
9264921110,283667.1
6738700225,943079.1
293620220,853614.44
7525300310,599176.0
3992700036,433530.66
3577300040,466864.2
3812400202,197173.98
2402100055,742851.2
1853080790,848618.56
1994200260,619831.1
1339300025,878940.7
7616200050,533571.5
4022902555,673124.0
9528102110,652765.1
6613001241,1543717.0
3205400240,354324.5
6065300840,1896777.5
7852040080,495879.38
1920079039,275020.84
2817910030,441798.94
1563102880,731672.7
8561200110,553337.56
629000605,1173706.9
2781270440,235049.05
6152900273,341220.4
3303950130,369170.44
6411600113,318251.06
4055700167,788207.94
291310310,522467.94
9523100550,831696.94
724069070,917878.3
2408800120,352314.6
7559600200,654842.06
8165500790,372711.9
7856620870,906626.0
1588600040,356169.22
1023059246,486487.16
1938000140,799636.06
6061400160,386935.34
4167300350,263553.53
8649400790,224766.89
173000036,338645.72
225039049,570576.94
8043700300,2713197.2
3834000400,392853.7
4054530260,1529016.9
8724300010,683585.3
9358002232,366663.8
3298700012,245611.53
1125059071,964960.4
3885805300,450131.28
5315100784,1151520.2
3861400030,887446.8
7202340010,643634.9
7272001805,328896.28
2781250230,321119.62
1042700300,872179.75
123039279,175073.28
3760500336,1408929.4
6979940100,790827.44
686300880,637096.1
5214500690,442333.1
6021502250,615913.25
1320069223,314650.12
2871000300,787677.4
2724069117,414925.16
1159400220,747856.8
2571900380,273703.94
5528600050,368531.66
7686202730,143649.73
2225059118,979380.75
2558630350,445613.2
3655400060,405534.2
9558200080,305218.38
1796100015,595806.1
3378900020,476410.66
5416500040,316520.9
8856004582,199059.39
3812400107,432893.6
6126601445,509748.66
2997800021,474515.72
1211000280,364365.28
766800090,252432.19
3224079005,363722.28
619000100,377748.2
4319200620,354539.47
626059335,510935.22
3340401570,268325.03
7015200800,625929.94
8106300510,473098.7
1446110020,436295.5
2872900280,641095.0
8965500320,737700.4
7853300070,494110.06
5652601455,705281.94
7579200915,916720.94
2641400160,389893.88
203900460,395070.0
2998800040,650139.0
7519000170,550345.1
923000425,772334.75
2973800030,201261.86
6430500182,1095648.0
7304301010,381590.9
3861470110,2099311.2
2296500136,811488.3
6790950150,748112.9
8123100045,535808.56
3142600130,614995.8
7137970130,313268.62
8656800190,398677.38
7135300046,271047.4
3629960680,438013.97
1133000385,800750.2
1085621960,308751.12
9542802000,201281.05
8151600973,566631.44
7019000050,374621.97
6021501920,644134.7
7399300420,242706.53
7548300731,581365.2
5316100220,1115578.8
5152600090,324314.22
1703400470,338830.2
7316400070,308554.8
5561300380,499007.53
2215450100,336445.16
8635750330,651483.4
9492500140,862563.75
5315100393,750027.44
8588000315,223939.92
7524200180,244167.75
4235400255,423875.4
326069131,597788.5
4077800026,767085.56
9477000120,358326.84
5608000590,1044872.56
4137050130,296604.06
5249801440,360714.22
9264901510,266572.78
5437820250,212698.64
200500410,481655.6
9407111100,273096.94
126039252,401369.56
6141100255,435201.72
3013300830,363070.4
3271300955,843182.1
3021059276,260365.06
9542000050,625177.7
2769600035,779838.2
3824100364,482507.97
1726069202,353023.25
7327500270,361926.12
1189000207,448122.03
2472950160,285815.03
9558040050,582873.0
3438503120,323066.16
9407150240,283746.34
1370804295,641959.5
5700001100,613010.8
6837820030,399634.75
5411600210,811568.8
5061300030,223680.81
525069133,939209.8
2121000250,339411.7
3179100720,627524.6
2780700050,462561.78
1545805820,271655.78
5702380630,252649.67
9211010260,539917.75
7129300595,259951.47
6802200100,244636.7
3304030140,401353.84
2623039019,1032815.7
104500730,208435.52
2924069132,646181.7
1775500310,576210.9
8114000040,327644.66
2011400021,396350.84
7525570020,667862.75
2917200615,385702.22
7697000170,289552.56
7871500070,862123.75
7215722010,507189.28
6300000378,472602.66
7159200005,2192278.5
8946410040,394465.0
3893100327,401452.25
635000009,1035453.8
2322069116,427693.16
2760200050,343720.25
3432500210,314692.44
5700000245,555085.44
7588700177,266952.34
9178600135,709735.9
9830200475,426725.53
8562780160,324986.72
9826701665,527914.75
7504010900,613980.25
2770606915,494869.78
1254200075,652435.25
2473450430,405480.44
1433290010,461023.44
7586200061,335079.47
6841700070,551881.94
9826701320,472421.97
8943600720,297962.38
6791900260,781414.25
2301400640,714755.5
7979900210,357245.9
4037200665,425512.9
984000650,295528.3
2937300060,923841.3
8731982190,254783.3
1445200190,256793.11
952003285,786271.7
1402970020,398530.62
2487700274,425684.6
8113101670,411858.38
8682300400,619561.06
809002435,730147.56
4045900147,593838.25
2991000400,278043.3
9456200405,199297.22
5104510370,297771.2
9414610240,503347.88
2111010760,346968.9
1854900430,684533.9
2624300080,775097.4
3645100280,500546.1
1433100010,255456.52
9533600100,1068145.4
6743700030,482045.75
9294300070,668779.94
2114700540,277579.7
7853280550,716996.9
868000175,678179.56
1446401290,230470.45
9109000050,319089.53
8856004327,256190.88
2329800110,264907.22
3031200230,400701.78
7582700075,1714445.6
2422049104,114937.67
9274202885,563293.6
1770000090,412914.34
9500900430,236119.83
7305900082,352151.0
3336000170,415445.84
5680000455,709520.7
9808630210,857046.94
8807810110,446426.06
3824100211,439982.94
3423059153,580497.06
3937900120,476127.22
524059323,836622.8
4305600250,544906.4
1257201375,586113.8
853600150,1209768.5
2424059174,1148935.9
5205000400,306070.97
2658000115,191683.97
3055800020,278161.88
357000025,586325.1
5666300010,329316.22
4167700210,253242.38
9187200275,702847.3
2960900040,420225.97
1021049022,255457.48
7750500120,216981.28
7153200160,1415887.9
4406000390,223828.9
629800380,1349190.4
2026049125,281584.7
6117502230,1957982.8
3379100130,474408.5
2472920140,424627.56
7214720075,622049.44
1771110070,347836.25
5127001600,315997.34
6666860210,338211.94
5467200055,348331.53
7819000040,354020.5
3790700070,289283.2
6362900138,343687.78
597000593,363391.88
8032700070,659382.25
9301300215,1081397.2
8902500118,373631.5
6607000095,339856.06
2163900081,863718.6
7732500270,651482.75
3856903515,662831.0
2557000400,266879.28
4386700135,2127885.0
7399000360,301969.6
