id,price
2591820310,8886110.0
7974200820,8886110.0
7701450110,8886110.0
9522300010,8886110.0
9510861140,8886110.0
1761300310,8886110.0
7732410120,8886110.0
7010701383,8886110.0
291310170,8886110.0
4232901990,8886110.0
6840701125,8886110.0
3971700580,8886110.0
4202400078,8886110.0
6064800090,8886110.0
2626119028,8886110.0
3303980660,8886110.0
862000020,8886110.0
2386000070,8886110.0
1138000450,8886110.0
1775800420,8886110.0
2291401425,8886110.0
2025770560,8886110.0
3525069037,8886110.0
9324800450,8886110.0
8080400136,8886110.0
8651540040,8886110.0
9407001790,8886110.0
1773101530,8886110.0
9432900250,8886110.0
1794500695,8886110.0
2220069003,8886110.0
923000120,8886110.0
5728000060,8886110.0
16000200,8886110.0
1926059094,8886110.0
6672900220,8886110.0
3629860060,8886110.0
1822069109,8886110.0
6675500105,8886110.0
249000180,8886110.0
226059065,8886110.0
396100110,8886110.0
9264450460,8886110.0
7853361210,8886110.0
9474700020,8886110.0
421000455,8886110.0
3755200220,8886110.0
7960100075,8886110.0
9477100490,8886110.0
9138100350,8886110.0
1624049275,8886110.0
2770606890,8886110.0
1157200189,8886110.0
2770601800,8886110.0
9301300805,8886110.0
2325069032,8886110.0
1021079099,8886110.0
7215730040,8886110.0
1853200080,8886110.0
3224600340,8886110.0
3222049120,8886110.0
2113700025,8886110.0
7893207925,8886110.0
3586501085,8886110.0
8024200010,8886110.0
7116500705,8886110.0
1598600209,8886110.0
7204200025,8886110.0
4206901505,8886110.0
2937300440,8886110.0
7205000180,8886110.0
8718500665,8886110.0
5318101765,8886110.0
4122700020,8886110.0
8078700020,8886110.0
3303980680,8886110.0
8924100372,8886110.0
2781270210,8886110.0
519000043,8886110.0
3225069301,8886110.0
151000075,8886110.0
2297400020,8886110.0
6617500085,8886110.0
104510180,8886110.0
3528900060,8886110.0
3345100286,8886110.0
1226039130,8886110.0
8712100720,8886110.0
3037200010,8886110.0
3626039268,8886110.0
104510230,8886110.0
5112800060,8886110.0
6072400280,8886110.0
5317100570,8886110.0
9528102993,8886110.0
2919201095,8886110.0
6181400920,8886110.0
185000161,147.41316
8691400010,8886110.0
3345700165,8886110.0
6151800486,8886110.0
4340000080,8886110.0
4136960010,8886110.0
3634100030,8886110.0
1624059224,8886110.0
2788400090,8886110.0
9828200762,8886110.0
7524400250,8886110.0
3528000290,8886110.0
5700003630,8886110.0
2720069019,8886110.0
7227501170,8886110.0
2397101270,8886110.0
6792100090,8886110.0
2770602265,8886110.0
3971700937,8886110.0
422049203,8886110.0
3076500830,8886110.0
1423400260,8886110.0
9161100795,8886110.0
3126049052,8886110.0
5100401468,8886110.0
514500235,8886110.0
1423200170,8886110.0
1402100070,8886110.0
624110020,8886110.0
2407000145,8886110.0
1890000225,8886110.0
1320069271,8886110.0
5490700085,8886110.0
263000155,8886110.0
3726800201,8886110.0
5153200358,8886110.0
2725079018,8886110.0
7165700200,8886110.0
9429000170,8886110.0
8718500075,8886110.0
1760650950,8886110.0
1068000559,8886110.0
4113800500,8886110.0
4077800507,8886110.0
2725069150,8886110.0
4008400035,8886110.0
7016310270,8886110.0
1432701230,8886110.0
3278606050,8886110.0
2473350710,8886110.0
2185000685,8886110.0
7792000025,8886110.0
6868200029,8886110.0
624069003,8886110.0
7431500280,8886110.0
3296000040,8886110.0
1118001215,8886110.0
6453900040,8886110.0
333100209,8886110.0
34001765,8886110.0
8946700100,8886110.0
5561401210,8886110.0
6671900095,8886110.0
3275850020,8886110.0
3876300600,8886110.0
1450900020,8886110.0
8562780280,8886110.0
7663700973,8886110.0
2126049032,8886110.0
1823059159,8886110.0
3438503426,8886110.0
9297301495,8886110.0
7140700850,8886110.0
7942601805,8886110.0
2555900030,8886110.0
2887970040,8886110.0
7419700010,8886110.0
2239000011,8886110.0
9283800050,8886110.0
9407001340,8886110.0
217500140,8886110.0
7212660520,8886110.0
3298201170,8886110.0
3057000400,8886110.0
6865200444,8886110.0
6071600340,8886110.0
6821600005,8886110.0
1235100371,8886110.0
7796450340,8886110.0
3603000410,8886110.0
9297300255,8886110.0
9126100850,8886110.0
2770601462,8886110.0
2599001500,8886110.0
1102000095,8886110.0
1853080640,8886110.0
9551201585,8886110.0
3438500796,8886110.0
7518504291,8886110.0
9269200340,8886110.0
715010130,8886110.0
1982201485,8886110.0
9526500080,8886110.0
9277200180,8886110.0
6669150280,8886110.0
8917100153,8886110.0
3760500516,8886110.0
2725069050,8886110.0
3332000091,8886110.0
8562770080,8886110.0
8151601190,8886110.0
8563040160,8886110.0
240000269,8886110.0
4307350200,8886110.0
1311910300,8886110.0
3574900030,8886110.0
7853230570,8886110.0
320069049,8886110.0
9839301060,8886110.0
7011201333,8886110.0
2781320100,8886110.0
3421069120,8886110.0
7852030320,8886110.0
5316101075,8886110.0
5309100750,8886110.0
629000730,8886110.0
511700170,8886110.0
1562100030,8886110.0
2489200230,8886110.0
524069116,8886110.0
5315100737,8886110.0
1868900675,8886110.0
1608000120,8886110.0
705700240,8886110.0
7575600610,147.41316
1778500015,8886110.0
5423500240,8886110.0
6713700025,8886110.0
2734100734,8886110.0
301402280,8886110.0
2113700205,8886110.0
4114601570,8886110.0
3332000615,8886110.0
3630050180,8886110.0
6852700520,8886110.0
6870310010,8886110.0
6163900981,8886110.0
393000142,8886110.0
1771100130,8886110.0
1442860160,8886110.0
9191200435,8886110.0
6788200800,8886110.0
1115300070,8886110.0
3176600105,8886110.0
2770604665,8886110.0
5469500580,8886110.0
5680000545,8886110.0
3424089119,8886110.0
1328300180,8886110.0
1773100922,8886110.0
4123830480,8886110.0
9808610190,8886110.0
4250200140,8886110.0
4217402115,8886110.0
3831250350,8886110.0
2397101055,8886110.0
6817850110,8886110.0
7526800200,8886110.0
7853370100,8886110.0
2523089025,8886110.0
9476200680,8886110.0
5714200140,8886110.0
3575304895,8886110.0
263000018,8886110.0
8080400177,8886110.0
6450304130,8886110.0
514500090,8886110.0
9477000300,8886110.0
853600310,8886110.0
1951600240,8886110.0
1099900120,8886110.0
5323100120,8886110.0
1223089016,8886110.0
522059172,8886110.0
1930300190,8886110.0
9542840410,8886110.0
8665050530,8886110.0
5592900205,8886110.0
5450300010,8886110.0
2459960030,147.41316
3331500455,8886110.0
3432500705,8886110.0
3702900165,8886110.0
5249803550,8886110.0
626049058,8886110.0
1788900380,8886110.0
8075400360,147.41316
9113200250,8886110.0
2738640040,8886110.0
7821200307,8886110.0
3530440140,8886110.0
3582700130,8886110.0
9276200569,8886110.0
7197800020,8886110.0
686200490,8886110.0
3501600100,8886110.0
6383000690,8886110.0
7604400150,8886110.0
5249801411,8886110.0
2607720420,8886110.0
9561100010,8886110.0
1796370590,8886110.0
4077800593,8886110.0
854000165,8886110.0
5536100010,8886110.0
4188000670,8886110.0
31000165,8886110.0
662350050,8886110.0
4137000280,8886110.0
6169901130,8886110.0
1953400510,8886110.0
7518506716,8886110.0
1552520010,8886110.0
7955080270,147.41316
9212900100,147.41316
3438500798,8886110.0
7899800890,8886110.0
4319200605,8886110.0
1329300480,8886110.0
8935100100,8886110.0
5016001260,8886110.0
4337600280,8886110.0
1446401220,8886110.0
7135521530,8886110.0
6888900115,8886110.0
2413301070,8886110.0
345700040,8886110.0
5566100145,8886110.0
7634800070,8886110.0
9346910500,8886110.0
3529300060,8886110.0
8128600060,8886110.0
8572900275,8886110.0
4139420590,8886110.0
9274200322,8886110.0
1472700200,8886110.0
8820903380,8886110.0
8563010130,8886110.0
8965450110,8886110.0
9274204230,8886110.0
8165501700,8886110.0
2193340260,8886110.0
1860600290,8886110.0
1222000055,8886110.0
2492200280,8886110.0
2488200455,8886110.0
809001520,8886110.0
1796361140,8886110.0
6398000011,8886110.0
6813600365,8886110.0
7504100920,8886110.0
8835770330,8886110.0
524059322,8886110.0
4307330280,8886110.0
1245002952,8886110.0
2021069059,8886110.0
5700000595,8886110.0
3629970930,8886110.0
3336002215,8886110.0
5100401060,8886110.0
3278600750,8886110.0
1126069045,8886110.0
7568700175,8886110.0
452001475,8886110.0
9283800230,8886110.0
1737300130,8886110.0
6189600040,8886110.0
3679400025,8886110.0
1096100010,8886110.0
9513900050,8886110.0
5452800645,8886110.0
273800100,8886110.0
7228500037,8886110.0
808300090,8886110.0
2493200215,8886110.0
5035300255,8886110.0
3380900160,8886110.0
3630000130,8886110.0
7300400670,8886110.0
6798100070,8886110.0
8078400010,8886110.0
5566100060,8886110.0
2768200212,8886110.0
4035900060,8886110.0
9460000110,8886110.0
7199320190,8886110.0
2225039081,8886110.0
9512200050,8886110.0
2634500085,8886110.0
3654800200,8886110.0
2724079090,8886110.0
2597520720,8886110.0
3034200426,8886110.0
984000130,8886110.0
7852020670,8886110.0
7923500060,8886110.0
2310030510,8886110.0
2205500540,8886110.0
2493200015,8886110.0
7853361420,8886110.0
5652600605,8886110.0
5285200020,8886110.0
9406530150,8886110.0
5706300020,8886110.0
3278602490,8886110.0
7197000100,8886110.0
4447300008,8886110.0
7899800045,8886110.0
9250900095,8886110.0
9268851740,8886110.0
8682261440,8886110.0
7284900385,8886110.0
8079040300,8886110.0
2225300585,8886110.0
3223039013,8886110.0
2013801350,8886110.0
4055701110,8886110.0
3578401770,8886110.0
4046500720,8886110.0
6145601745,147.41316
5207200195,8886110.0
1972201856,8886110.0
7212680080,8886110.0
7277100510,8886110.0
522079022,8886110.0
5605000440,8886110.0
6632300230,8886110.0
8815400165,8886110.0
6708200320,8886110.0
2426059076,8886110.0
3260200200,8886110.0
2770601741,8886110.0
4338800500,8886110.0
9201000320,8886110.0
7655900038,8886110.0
3625059140,8886110.0
4222310010,8886110.0
2114700115,8886110.0
3291800710,8886110.0
9406590010,8886110.0
3025059124,8886110.0
7972601250,8886110.0
930000470,8886110.0
6690500060,8886110.0
16000015,8886110.0
5693501102,8886110.0
8079040490,8886110.0
7225000155,8886110.0
8819900170,8886110.0
7972601270,8886110.0
1224069074,8886110.0
5126900321,8886110.0
3438501860,8886110.0
2822069080,8886110.0
1656600310,8886110.0
3856900507,8886110.0
1626069139,8886110.0
2524049257,8886110.0
3904960150,8886110.0
7214820610,8886110.0
7977201845,8886110.0
2428100080,8886110.0
2202500135,8886110.0
1523550220,8886110.0
2313900610,8886110.0
4123840050,8886110.0
2125059124,8886110.0
1225039067,8886110.0
6431500283,8886110.0
2473380010,8886110.0
5694501195,8886110.0
2881700046,8886110.0
6837820330,8886110.0
2337300370,8886110.0
3876540630,8886110.0
626059317,8886110.0
3374500520,8886110.0
7228501903,8886110.0
4019300051,8886110.0
4232902615,8886110.0
3546000090,8886110.0
8127700215,8886110.0
3438501100,8886110.0
1769600066,8886110.0
8146100610,8886110.0
3052700695,8886110.0
7954310210,8886110.0
3761700053,8886110.0
1320069179,8886110.0
1331900410,8886110.0
7303100210,8886110.0
2464400285,8886110.0
6163901150,8886110.0
8955800045,8886110.0
2314300200,8886110.0
9528104360,8886110.0
4177100005,8886110.0
8856960260,8886110.0
1828001220,8886110.0
3066400710,8886110.0
624110610,8886110.0
4040800260,8886110.0
5019500215,8886110.0
2481630180,8886110.0
7203170190,8886110.0
510001280,8886110.0
9430110120,8886110.0
1565950030,8886110.0
9828202255,8886110.0
3878900270,8886110.0
8091600080,8886110.0
1112000035,8886110.0
2228900270,8886110.0
6648701740,8886110.0
1245003740,8886110.0
2174503441,8886110.0
7708250010,8886110.0
6072300110,8886110.0
2329800140,8886110.0
1494300040,8886110.0
3832050130,8886110.0
7203100730,8886110.0
7199330170,8886110.0
7785000220,8886110.0
1250201175,8886110.0
4054500180,8886110.0
7905200061,8886110.0
3751604895,8886110.0
5220300140,8886110.0
3323059027,8886110.0
8651611980,8886110.0
8673400190,8886110.0
1668500100,8886110.0
1023059365,8886110.0
3308030060,8886110.0
4232400860,8886110.0
2144800615,8886110.0
1568100920,8886110.0
9406510040,8886110.0
2923049421,8886110.0
1051000040,8886110.0
2077700042,8886110.0
9423800030,8886110.0
9818700455,8886110.0
7133300675,8886110.0
4113800550,8886110.0
5553300375,8886110.0
2025701530,8886110.0
7942601155,8886110.0
7524300020,8886110.0
2520069100,8886110.0
5412300410,8886110.0
7504110760,8886110.0
2594200350,8886110.0
2722059013,8886110.0
8078430480,8886110.0
1423069162,8886110.0
8856001090,8886110.0
7000100631,8886110.0
4222200280,8886110.0
7971300050,8886110.0
2009001600,8886110.0
6619910140,8886110.0
2877100985,8886110.0
1196000007,8886110.0
1330850130,8886110.0
6664900410,8886110.0
1231001110,8886110.0
9235900030,8886110.0
9407101840,8886110.0
9523103001,8886110.0
2149800278,8886110.0
7234601198,8886110.0
9476700035,147.41316
9297301065,8886110.0
518500700,8886110.0
7843500090,8886110.0
6056110780,8886110.0
2345700260,8886110.0
3509600070,8886110.0
1431700280,8886110.0
1623049174,8886110.0
3024089049,8886110.0
7853340450,8886110.0
7732410360,8886110.0
1446800995,8886110.0
2946000285,8886110.0
425079100,8886110.0
3876313040,8886110.0
1762600260,8886110.0
1925069121,8886110.0
7443000480,8886110.0
7820000015,8886110.0
4027701253,8886110.0
2826049165,8886110.0
5426300060,8886110.0
1278000210,8886110.0
923000270,8886110.0
7657600005,8886110.0
3024079057,8886110.0
3276180020,8886110.0
7304300760,8886110.0
3908100020,8886110.0
8835400805,8886110.0
4051150070,8886110.0
3904930530,8886110.0
6163900971,8886110.0
7942600310,8886110.0
4365700330,8886110.0
423059207,8886110.0
3992700265,8886110.0
7177300090,8886110.0
2540820010,8886110.0
5700002510,8886110.0
5201000030,8886110.0
7631800015,8886110.0
2922702965,8886110.0
1525059198,8886110.0
1245003160,8886110.0
3810000455,8886110.0
7855600080,147.41316
5701500030,8886110.0
7504020400,8886110.0
1402600570,8886110.0
7575610760,8886110.0
8731990370,8886110.0
5021900090,8886110.0
290000075,8886110.0
2841500010,8886110.0
3955900830,8886110.0
7852110140,8886110.0
1311400350,8886110.0
7773800015,8886110.0
4123400320,8886110.0
2725069157,8886110.0
666000143,8886110.0
5101408678,8886110.0
6371000026,8886110.0
2024059084,8886110.0
7283900036,8886110.0
8881900230,8886110.0
3959400135,8886110.0
7696610270,8886110.0
1689400150,8886110.0
5103900015,8886110.0
1441000350,8886110.0
5101408735,8886110.0
3126059027,8886110.0
2320069014,8886110.0
9541600015,8886110.0
8682320420,8886110.0
1562200090,8886110.0
3395070980,8886110.0
7349600230,8886110.0
522049122,8886110.0
869700060,8886110.0
811000055,8886110.0
1221059176,8886110.0
1523059103,8886110.0
2025760210,8886110.0
9218400088,8886110.0
8682292020,8886110.0
2623089135,8886110.0
3758900259,8886110.0
524069049,8886110.0
3121500150,8886110.0
5581400080,8886110.0
8087800020,8886110.0
4070700290,8886110.0
3296000170,8886110.0
9238500040,8886110.0
2744600040,8886110.0
6813600380,8886110.0
6140100150,8886110.0
2201500555,8886110.0
2600110250,8886110.0
4337000275,8886110.0
1186000150,8886110.0
1972201963,8886110.0
1105000745,8886110.0
2887700560,8886110.0
4039700080,8886110.0
522049104,8886110.0
4202400078,8886110.0
7520000695,8886110.0
7714000310,8886110.0
4319200060,8886110.0
8624700015,8886110.0
5104520610,8886110.0
2354300845,8886110.0
3824100291,8886110.0
6151800612,8886110.0
5454200080,8886110.0
6413600290,8886110.0
2131200065,8886110.0
1459920010,8886110.0
50300090,8886110.0
2326300090,8886110.0
7714000070,8886110.0
3630180500,8886110.0
1727850340,8886110.0
8691430330,8886110.0
2310030390,8886110.0
5561400610,8886110.0
7010701016,8886110.0
7883605915,8886110.0
1282300995,8886110.0
4040700310,8886110.0
3353400435,8886110.0
2143701015,8886110.0
255450020,8886110.0
1020069017,8886110.0
4038200120,8886110.0
9284801100,8886110.0
1965200075,8886110.0
847100047,8886110.0
4038700720,8886110.0
6815100085,8886110.0
2508000020,8886110.0
255520180,8886110.0
6822100750,8886110.0
869700050,8886110.0
1775801405,8886110.0
6600400090,8886110.0
7202330270,8886110.0
1683400165,8886110.0
2625069070,8886110.0
7625702440,8886110.0
3388000640,8886110.0
1899400365,8886110.0
6899990200,8886110.0
5569700020,8886110.0
986000045,8886110.0
3293700221,8886110.0
3764800250,8886110.0
2291400566,8886110.0
4219401236,8886110.0
4239400840,8886110.0
7211400990,8886110.0
7696500280,8886110.0
7215721070,8886110.0
3204850140,8886110.0
4322200220,8886110.0
2566300100,8886110.0
1944900090,8886110.0
6648500390,8886110.0
7385300020,8886110.0
1704900135,8886110.0
2877100655,8886110.0
2726079098,8886110.0
7625703800,8886110.0
318300040,8886110.0
7922800190,8886110.0
2023049361,8886110.0
8946400210,8886110.0
6071600450,8886110.0
4343800100,8886110.0
1443300140,8886110.0
1024039001,8886110.0
2767704860,8886110.0
7234600851,8886110.0
644200065,8886110.0
7784400035,8886110.0
3826000560,8886110.0
9272202260,8886110.0
263000253,8886110.0
3621059043,8886110.0
240000130,8886110.0
1352300120,8886110.0
7849200861,8886110.0
2487700130,8886110.0
1796100140,8886110.0
7234601221,8886110.0
8651710190,8886110.0
2916200091,8886110.0
1232000915,8886110.0
1545801970,8886110.0
3211200420,8886110.0
7686204675,8886110.0
3141600210,8886110.0
3959401284,8886110.0
2113700825,8886110.0
3876000710,8886110.0
522069022,8886110.0
3214200070,8886110.0
1221039156,8886110.0
259600790,8886110.0
785000040,8886110.0
8138870470,8886110.0
2596300035,8886110.0
540100057,8886110.0
3073500045,8886110.0
5363200266,8886110.0
8682261650,8886110.0
3224510080,8886110.0
3211270160,8886110.0
9269200520,8886110.0
293810190,8886110.0
4197400043,8886110.0
3026079031,8886110.0
5332200405,8886110.0
2473411210,8886110.0
9268200315,8886110.0
8123500050,8886110.0
3221069091,147.41316
2485000165,8886110.0
4058800215,8886110.0
1926059039,8886110.0
2533300680,8886110.0
3343903640,8886110.0
5700003705,8886110.0
2023049372,8886110.0
4058800830,8886110.0
3333002302,8886110.0
2944500340,8886110.0
1982200790,8886110.0
8929000270,8886110.0
8122101440,8886110.0
7525530470,8886110.0
9332800020,8886110.0
3878900525,8886110.0
5420300210,8886110.0
9232900165,8886110.0
6414100026,8886110.0
3013300660,8886110.0
7954300120,8886110.0
1081200360,8886110.0
2877102345,8886110.0
2202500255,8886110.0
7984400050,8886110.0
9558020380,8886110.0
7812801850,8886110.0
8944460020,8886110.0
2306400040,8886110.0
8649400410,8886110.0
7889602020,8886110.0
2041000025,8886110.0
871001484,8886110.0
2767602141,8886110.0
3630180470,8886110.0
2769602140,8886110.0
2473250280,8886110.0
5422560660,8886110.0
3756600240,8886110.0
8651600160,8886110.0
7202300540,8886110.0
8961950250,8886110.0
3303000130,8886110.0
798000062,8886110.0
1695900150,8886110.0
1604730150,8886110.0
4136930310,8886110.0
8835401250,8886110.0
8665900328,8886110.0
9262800255,8886110.0
1853080570,8886110.0
5556300114,8886110.0
9517200290,8886110.0
4037200295,8886110.0
7417100123,8886110.0
2620069077,8886110.0
7922720040,8886110.0
558100090,8886110.0
257000037,8886110.0
3319500385,8886110.0
9297301520,8886110.0
3580900090,8886110.0
1321039076,8886110.0
7227801581,8886110.0
9407001620,8886110.0
2130400150,147.41316
2312400200,8886110.0
4046700210,8886110.0
1193000480,8886110.0
1492800296,8886110.0
3013300017,8886110.0
3630240140,8886110.0
1049010390,8886110.0
9320900420,8886110.0
4315700060,8886110.0
2591010290,8886110.0
323089085,147.41316
6600400270,8886110.0
2919701105,8886110.0
7202360670,8886110.0
8927600100,8886110.0
3211700045,8886110.0
4027701326,8886110.0
1601600195,8886110.0
7853280350,8886110.0
3629970130,8886110.0
7203120020,8886110.0
9542900190,8886110.0
8035350120,8886110.0
1238501184,8886110.0
251200240,8886110.0
8945300200,8886110.0
2162000160,8886110.0
5466310060,8886110.0
1239400064,8886110.0
5205000020,8886110.0
1720800305,8886110.0
7280300375,8886110.0
2095800400,8886110.0
7852010950,8886110.0
1428001160,147.41316
9528104910,8886110.0
8644210470,8886110.0
7923300310,8886110.0
254000100,147.41316
1931300688,8886110.0
7007700030,8886110.0
422049178,8886110.0
422069067,8886110.0
2923049393,8886110.0
930000305,8886110.0
2461900448,8886110.0
2610100020,8886110.0
2895550050,8886110.0
7701700040,8886110.0
2460900020,8886110.0
9827700105,8886110.0
1005000240,8886110.0
7200001254,8886110.0
866400040,8886110.0
305000170,8886110.0
2260800110,8886110.0
3442000127,8886110.0
5253300437,147.41316
7576700150,8886110.0
5469501410,8886110.0
5104531120,8886110.0
723049434,8886110.0
622069006,8886110.0
2517101200,8886110.0
8159620160,8886110.0
5561300640,8886110.0
3317010130,8886110.0
4364200250,8886110.0
8732300060,8886110.0
5603700025,8886110.0
3585900190,8886110.0
3996900575,8886110.0
8731801260,8886110.0
3810000860,8886110.0
5700003585,8886110.0
6332000050,8886110.0
9286100250,8886110.0
9471201110,8886110.0
9290800050,8886110.0
7300200400,8886110.0
526069024,8886110.0
1454600156,8886110.0
3904980360,8886110.0
2626119062,8886110.0
8651730290,8886110.0
7611200195,8886110.0
1919800260,8886110.0
6632900354,8886110.0
3972900195,8886110.0
5151600170,8886110.0
7016000440,8886110.0
871000435,8886110.0
9578060540,8886110.0
2332700060,8886110.0
766000240,8886110.0
4363700200,8886110.0
7100000250,8886110.0
2781250560,8886110.0
2781250100,8886110.0
5419800220,8886110.0
7147600245,8886110.0
2926069083,8886110.0
6189200125,8886110.0
9542830160,8886110.0
5152200020,8886110.0
9412900045,8886110.0
6600410480,8886110.0
6979970080,8886110.0
5636010280,8886110.0
1732801300,8886110.0
5561401530,8886110.0
9578500510,8886110.0
7304300906,8886110.0
1223089077,8886110.0
721049207,8886110.0
8691330310,8886110.0
1523069204,8886110.0
3188100105,8886110.0
6608500290,147.41316
2891400410,8886110.0
7663700551,8886110.0
5413200140,8886110.0
425069139,8886110.0
6713700155,8886110.0
2767603505,8886110.0
7789000080,8886110.0
9211500620,8886110.0
3750604417,8886110.0
7922800320,8886110.0
1471620240,8886110.0
2222059052,8886110.0
9551200270,8886110.0
2767603160,8886110.0
9406710060,8886110.0
8929000250,8886110.0
5538300120,8886110.0
2223069120,8886110.0
1652500060,8886110.0
8564500240,8886110.0
3629700120,8886110.0
3943600070,8886110.0
4171200025,8886110.0
2425049063,8886110.0
9828701650,8886110.0
3581000340,8886110.0
8100900015,8886110.0
2125059161,8886110.0
304000380,8886110.0
8146200070,8886110.0
686530170,8886110.0
2917200645,8886110.0
9547200530,8886110.0
2122059199,8886110.0
1150000740,8886110.0
5706200060,8886110.0
9265410010,8886110.0
4083800555,8886110.0
6152900332,8886110.0
2520900301,8886110.0
9828200790,8886110.0
1657530180,8886110.0
7471900045,8886110.0
9828200460,8886110.0
1775900140,8886110.0
6139800430,147.41316
7214400005,8886110.0
5332200026,8886110.0
9510970300,8886110.0
2540830020,8886110.0
3392100140,8886110.0
1326069191,8886110.0
2125059112,8886110.0
859000022,8886110.0
8854100350,8886110.0
121059007,8886110.0
7977201707,8886110.0
3859900060,8886110.0
8815400735,8886110.0
705700530,8886110.0
6600780130,8886110.0
6378500105,8886110.0
8143000310,8886110.0
2877102330,8886110.0
3526039074,8886110.0
2115510300,8886110.0
3024059014,8886110.0
2141330360,8886110.0
546000400,8886110.0
2071500011,8886110.0
7972000240,8886110.0
7016200460,8886110.0
6204200180,8886110.0
1552100135,8886110.0
88000173,8886110.0
2581900235,8886110.0
9211500560,8886110.0
621069218,8886110.0
1321970240,8886110.0
798000630,8886110.0
421000285,8886110.0
2824600180,8886110.0
3832051140,8886110.0
1237500105,8886110.0
8802400906,8886110.0
3166900270,8886110.0
3682000060,8886110.0
5469700020,8886110.0
1245001820,8886110.0
9547205660,8886110.0
7974700122,8886110.0
7550801225,8886110.0
1099950050,8886110.0
1402900460,8886110.0
7636800041,8886110.0
2115720270,8886110.0
8651441750,8886110.0
3904100035,8886110.0
8815400020,8886110.0
3303860590,8886110.0
5427110040,8886110.0
1782000160,8886110.0
6204420290,8886110.0
3995700245,8886110.0
7955040130,147.41316
1442880650,147.41316
8833510230,8886110.0
7283900551,8886110.0
4396000180,8886110.0
7504021310,8886110.0
322059264,8886110.0
3654800040,8886110.0
2767704777,8886110.0
3278602190,8886110.0
3236500220,8886110.0
3410600100,8886110.0
629410180,8886110.0
3352402250,8886110.0
4363700304,8886110.0
7237550130,8886110.0
9808590210,8886110.0
8074200175,8886110.0
3463400330,8886110.0
6306400140,8886110.0
8564950250,8886110.0
5381000070,8886110.0
9826700697,8886110.0
8132700190,8886110.0
7943000020,8886110.0
9547204675,8886110.0
4112100101,8886110.0
727500030,8886110.0
114101426,8886110.0
9274202005,8886110.0
1193000380,8886110.0
3039000020,8886110.0
7852170130,8886110.0
2624079010,8886110.0
4137010540,8886110.0
7576200012,8886110.0
1138020020,8886110.0
3969300030,8886110.0
898000200,8886110.0
5153100030,8886110.0
5104532030,8886110.0
4406000050,8886110.0
9274203390,8886110.0
8682290360,8886110.0
6928600330,8886110.0
4139680070,8886110.0
6844702690,8886110.0
2154970020,8886110.0
4385701285,8886110.0
2426059071,8886110.0
2867300160,8886110.0
9512500720,8886110.0
1773101020,8886110.0
8687800100,8886110.0
3627800050,8886110.0
1604600227,8886110.0
3300701170,8886110.0
9250900111,8886110.0
7015200790,8886110.0
1311100490,8886110.0
2469000010,8886110.0
1982201596,8886110.0
1862700290,8886110.0
2586800270,8886110.0
9528102772,8886110.0
5490210200,8886110.0
6669080020,8886110.0
179003055,8886110.0
1860600535,8886110.0
1592000130,8886110.0
3905040170,8886110.0
9320500080,8886110.0
9276200850,8886110.0
224069114,8886110.0
2260000340,8886110.0
5096300130,8886110.0
3432500215,8886110.0
2600000050,8886110.0
8856003839,8886110.0
2492200435,8886110.0
7855900110,8886110.0
6806100250,8886110.0
2770603523,8886110.0
1370800515,8886110.0
2726049150,8886110.0
1226059161,8886110.0
1068000375,8886110.0
9528104109,8886110.0
5126310060,8886110.0
1951820070,8886110.0
1545805980,8886110.0
9464700340,8886110.0
4319200675,8886110.0
7518500885,8886110.0
7852020620,8886110.0
869700370,8886110.0
8643000190,8886110.0
8902000267,8886110.0
7972602435,8886110.0
2050100210,8886110.0
6705120540,147.41316
2767601390,147.41316
4141000490,8886110.0
9345400350,8886110.0
3222079162,8886110.0
7789000120,8886110.0
6646200770,8886110.0
6666800180,8886110.0
1725800280,8886110.0
6117500460,8886110.0
5470100220,8886110.0
5457300478,8886110.0
7550800195,8886110.0
7787050180,8886110.0
6204430250,8886110.0
7640400250,8886110.0
624110920,8886110.0
3629920140,8886110.0
7173700518,8886110.0
3210200395,8886110.0
2473480560,8886110.0
2623089141,8886110.0
1423800080,8886110.0
2076400050,8886110.0
3832060120,8886110.0
7702600930,8886110.0
5101404555,8886110.0
3723800415,8886110.0
3356403400,8886110.0
9214400125,8886110.0
1797500530,8886110.0
9551201660,8886110.0
3878900815,8886110.0
1760650280,8886110.0
5466410030,8886110.0
6388930620,8886110.0
2331300395,8886110.0
9412700160,8886110.0
871001611,8886110.0
3142600120,8886110.0
3995700220,8886110.0
2310000280,8886110.0
8039900400,8886110.0
7504021510,8886110.0
1959700445,8886110.0
1556200155,8886110.0
3629960590,8886110.0
259000240,8886110.0
662440020,8886110.0
3123049142,8886110.0
321100260,8886110.0
6840701095,8886110.0
3738900165,8886110.0
4427100130,8886110.0
9238500100,8886110.0
6145601810,147.41316
2570300090,8886110.0
4017600010,8886110.0
1005000220,8886110.0
1257202120,8886110.0
9527000490,8886110.0
8691400080,8886110.0
1726069084,8886110.0
248000240,8886110.0
6113400046,8886110.0
2130702350,8886110.0
920069052,8886110.0
6071300160,8886110.0
1623049041,8886110.0
9268200285,8886110.0
1843100520,8886110.0
2887700826,8886110.0
9122000385,8886110.0
9475700220,8886110.0
2804600005,8886110.0
2896400300,8886110.0
5015000180,8886110.0
3630220180,8886110.0
8832900780,8886110.0
1568100300,8886110.0
8718500610,8886110.0
4147200140,8886110.0
1973700030,8886110.0
8862000075,8886110.0
9320990110,8886110.0
1151100035,8886110.0
2011000010,8886110.0
1651500060,8886110.0
446000190,8886110.0
2344300220,8886110.0
523049195,8886110.0
9191200015,8886110.0
7942601410,8886110.0
7137800300,8886110.0
7853300280,8886110.0
6654700240,8886110.0
569000050,8886110.0
3584000180,8886110.0
2026079055,8886110.0
8898700880,8886110.0
5075400150,8886110.0
8731981360,147.41316
4222500020,8886110.0
7996720050,8886110.0
4077800094,8886110.0
6446200365,8886110.0
2824089053,8886110.0
1311800220,8886110.0
3522049063,8886110.0
1721801280,8886110.0
6131600240,8886110.0
7202310040,8886110.0
1123059125,8886110.0
646910160,8886110.0
5630500005,8886110.0
3342100785,8886110.0
9547205610,8886110.0
1773100123,8886110.0
3353400092,8886110.0
217500015,8886110.0
3649100031,8886110.0
7896300150,8886110.0
623049185,8886110.0
1773100430,8886110.0
1781500220,147.41316
3395380200,8886110.0
2424059170,8886110.0
4389200765,8886110.0
1543000060,8886110.0
6154900005,8886110.0
2902200240,8886110.0
1442880640,147.41316
8562770490,8886110.0
2768300655,8886110.0
3432501315,8886110.0
5035300570,8886110.0
3626039028,147.41316
3876540780,8886110.0
327000100,8886110.0
7551300065,8886110.0
1312920060,8886110.0
2215901230,8886110.0
6306800010,8886110.0
2767700022,8886110.0
5589900610,8886110.0
4320200020,8886110.0
5249804655,8886110.0
9238500480,8886110.0
3885806565,8886110.0
7905200205,8886110.0
5727500102,8886110.0
3585220070,8886110.0
2078500210,8886110.0
1839920050,8886110.0
534000080,8886110.0
856000255,8886110.0
4141010110,8886110.0
9558040820,8886110.0
7768700315,8886110.0
2796100640,8886110.0
1922059010,8886110.0
3448000542,8886110.0
3883100220,8886110.0
7237301210,8886110.0
3893100456,8886110.0
9578501110,8886110.0
6145601995,8886110.0
4024100120,8886110.0
8899000050,8886110.0
3396820010,8886110.0
6749700117,8886110.0
1954400060,8886110.0
3303970100,8886110.0
2540850070,8886110.0
3797000745,8886110.0
7883603700,8886110.0
3438501452,8886110.0
3530210260,8886110.0
3598600049,8886110.0
731500170,8886110.0
7129304375,8886110.0
263000006,8886110.0
7212660560,8886110.0
1112700010,8886110.0
3420069060,8886110.0
2473000470,8886110.0
8691390980,8886110.0
6184700100,8886110.0
4476400275,8886110.0
2968801240,8886110.0
1529300160,8886110.0
7640400070,8886110.0
7016100380,8886110.0
2172000890,8886110.0
4035900015,8886110.0
9528104660,8886110.0
507100005,8886110.0
2783100160,8886110.0
3629921140,8886110.0
1099750610,147.41316
1330300451,8886110.0
2757000030,8886110.0
2114700190,8886110.0
2050000020,8886110.0
3832500790,8886110.0
2612000390,8886110.0
1483300430,8886110.0
8899200720,8886110.0
9183700470,8886110.0
3530490031,8886110.0
7857001225,8886110.0
7920100083,8886110.0
2254501620,8886110.0
3303000130,8886110.0
3876200070,8886110.0
369000365,8886110.0
3052700385,8886110.0
7856550240,8886110.0
7300410110,147.41316
7201800300,8886110.0
1695900060,8886110.0
9429500146,8886110.0
3629910240,8886110.0
8805400090,8886110.0
1022069050,8886110.0
1138010530,8886110.0
7877400266,8886110.0
7974200452,8886110.0
2126049265,8886110.0
9547204350,8886110.0
5560000680,8886110.0
3793500550,8886110.0
4217401195,8886110.0
1826049408,8886110.0
3905100210,8886110.0
7695370160,8886110.0
3210400060,8886110.0
6146600170,8886110.0
2767601750,8886110.0
1773100926,8886110.0
5700002125,8886110.0
1951100100,8886110.0
1402200340,8886110.0
8044200200,8886110.0
66000070,8886110.0
5083100065,8886110.0
4027701284,8886110.0
5693501100,8886110.0
3600072,8886110.0
8078550250,8886110.0
1922059046,8886110.0
2902200016,8886110.0
9183700845,8886110.0
3333001997,8886110.0
1432400525,8886110.0
2824059128,8886110.0
6453550090,8886110.0
6202600070,8886110.0
7524100280,8886110.0
3524039224,8886110.0
5739601300,8886110.0
2473000410,8886110.0
421059018,8886110.0
4232901120,8886110.0
5559600140,8886110.0
3797310150,8886110.0
7986400265,8886110.0
3025300095,8886110.0
7524950830,8886110.0
9407100730,8886110.0
3812400854,8886110.0
6002400030,8886110.0
2212200090,8886110.0
7202330610,8886110.0
7300400170,8886110.0
8965000110,8886110.0
3996900125,8886110.0
2221000100,8886110.0
1524079088,8886110.0
1133000036,8886110.0
1868901190,8886110.0
4037200530,8886110.0
2095500120,8886110.0
1995200338,8886110.0
8820902350,8886110.0
7459810210,8886110.0
9536600010,8886110.0
8085400586,8886110.0
7518503065,8886110.0
8682320350,8886110.0
3179100790,8886110.0
9828702666,8886110.0
6713700250,8886110.0
2141330700,8886110.0
7519001990,8886110.0
3223069019,8886110.0
7994700030,8886110.0
2592300450,8886110.0
2792000010,8886110.0
173000025,8886110.0
7203150330,8886110.0
3305100210,8886110.0
2581300055,8886110.0
6613000750,8886110.0
7015200685,8886110.0
1323089184,8886110.0
3793500510,8886110.0
2225079030,8886110.0
3578400710,8886110.0
8100000090,8886110.0
2095500040,8886110.0
8682281710,8886110.0
6163901380,8886110.0
6918720080,8886110.0
6914700130,8886110.0
1205000215,8886110.0
3800008,8886110.0
6150200180,8886110.0
1223089066,8886110.0
7768800290,8886110.0
9285800330,8886110.0
1974300020,8886110.0
7628700050,8886110.0
9376301800,8886110.0
8651430220,8886110.0
629810350,8886110.0
5016002180,8886110.0
9558010230,8886110.0
8732000390,8886110.0
7899800586,8886110.0
5249802460,8886110.0
1446300020,8886110.0
7785380150,8886110.0
1245500950,8886110.0
3362400640,8886110.0
7578200310,8886110.0
4137020910,8886110.0
11520640,8886110.0
7972601995,8886110.0
8122100160,8886110.0
9456200450,8886110.0
1328320760,8886110.0
4025300285,8886110.0
2721600125,8886110.0
1123049027,8886110.0
3542300060,8886110.0
291310340,8886110.0
8651720420,8886110.0
3298200790,8886110.0
4037200585,8886110.0
1329000090,8886110.0
9279700013,8886110.0
4151800265,8886110.0
7760400210,8886110.0
5029450110,8886110.0
9492500160,8886110.0
3578400270,8886110.0
7606200090,8886110.0
3682000050,8886110.0
1250200415,8886110.0
629811600,8886110.0
1839500115,8886110.0
1176001293,8886110.0
3013300409,8886110.0
7853280370,8886110.0
3275780030,8886110.0
3336001946,8886110.0
5456000110,8886110.0
2473250400,8886110.0
5393601635,8886110.0
8820902905,8886110.0
1245001659,8886110.0
1523069215,8886110.0
930000234,8886110.0
4083301645,8886110.0
4055700778,8886110.0
2781230080,8886110.0
3629910210,8886110.0
7856700060,8886110.0
7589700055,8886110.0
3888100043,8886110.0
6381501636,8886110.0
3303951150,8886110.0
8638500170,8886110.0
5635100050,8886110.0
8820901792,8886110.0
5456000025,8886110.0
985001275,8886110.0
9560500105,8886110.0
1421069117,8886110.0
4154300296,8886110.0
795000620,8886110.0
9828702335,8886110.0
1250202145,147.41316
1163400070,8886110.0
5652600065,8886110.0
1042700050,147.41316
8899210320,8886110.0
1651800030,8886110.0
2919201365,8886110.0
4365200895,8886110.0
6841700100,8886110.0
7376300060,8886110.0
7852090180,8886110.0
9222400565,8886110.0
9542400075,8886110.0
7338000150,8886110.0
4322500110,8886110.0
7694200070,8886110.0
9321010130,8886110.0
3204300455,8886110.0
6706000040,8886110.0
1565930130,8886110.0
3279000420,8886110.0
194000575,8886110.0
2115510160,8886110.0
7522500005,8886110.0
3787000140,8886110.0
7852110690,8886110.0
5469700260,8886110.0
8691410730,8886110.0
114100763,8886110.0
1257202430,147.41316
7000100635,8886110.0
1900000195,8886110.0
251500330,8886110.0
7701960210,8886110.0
4037000065,8886110.0
522059299,8886110.0
6072300800,8886110.0
6821102358,8886110.0
5029450200,8886110.0
8860310240,8886110.0
826000295,8886110.0
9417400110,8886110.0
3959400345,8886110.0
8899000430,8886110.0
7527200030,8886110.0
8562720410,8886110.0
1432400335,8886110.0
6699940320,8886110.0
2525059172,8886110.0
7548301044,8886110.0
2141300420,8886110.0
5100401414,8886110.0
7346600092,8886110.0
6852700478,8886110.0
87000213,8886110.0
5416500260,8886110.0
322059097,8886110.0
7229900005,8886110.0
7116000350,8886110.0
3739500096,8886110.0
6744700900,8886110.0
1959700550,8886110.0
5589300435,8886110.0
1775920350,8886110.0
3750607974,8886110.0
5318100935,8886110.0
1442700430,8886110.0
9346700030,8886110.0
1841500050,8886110.0
7278100665,8886110.0
8635750980,8886110.0
6909700340,8886110.0
7011201475,8886110.0
9348500220,8886110.0
3876313170,8886110.0
2195700050,8886110.0
3760100200,8886110.0
3396800120,8886110.0
3750603685,8886110.0
9828702310,8886110.0
8656300380,8886110.0
1438000170,8886110.0
2423069164,8886110.0
2112700845,8886110.0
7635801370,8886110.0
8572900135,8886110.0
7504010590,8886110.0
6821100125,8886110.0
4310702775,147.41316
2591010180,8886110.0
9828700235,8886110.0
9376301180,147.41316
1646502355,8886110.0
1498301672,8886110.0
7715600070,8886110.0
7283900045,8886110.0
522069119,8886110.0
5200100125,8886110.0
826069184,8886110.0
3271300155,8886110.0
4444800045,8886110.0
8682291050,8886110.0
2770605420,8886110.0
1556200205,8886110.0
269000970,8886110.0
9264900880,8886110.0
2323059074,8886110.0
1224059053,8886110.0
3755500065,147.41316
2571900430,8886110.0
3705000070,8886110.0
824069173,8886110.0
1735800050,8886110.0
3025059089,8886110.0
6132600655,8886110.0
1068000255,8886110.0
3052700921,8886110.0
3024089057,8886110.0
7390400026,8886110.0
1787600224,8886110.0
2923049372,8886110.0
7015201015,8886110.0
7701990040,8886110.0
1925059194,8886110.0
301401370,8886110.0
1931300955,8886110.0
2395710070,8886110.0
2591820070,8886110.0
7883604065,8886110.0
808300200,8886110.0
1421069159,8886110.0
8562780540,8886110.0
2787720300,8886110.0
2349300069,8886110.0
739000035,8886110.0
2397101460,8886110.0
7625702437,8886110.0
5101406441,8886110.0
3323500010,8886110.0
225039082,8886110.0
8078100260,8886110.0
4139480200,8886110.0
7436300160,8886110.0
822039004,8886110.0
8651442910,8886110.0
1370803510,8886110.0
3342100569,8886110.0
1310430400,8886110.0
104540820,8886110.0
4305500030,8886110.0
993000090,8886110.0
8044050040,8886110.0
5707500050,8886110.0
6306800080,8886110.0
9206700190,8886110.0
8732040090,8886110.0
3037200045,8886110.0
438000025,8886110.0
239000115,8886110.0
8929000230,8886110.0
7135520610,8886110.0
5561300340,8886110.0
9530100085,8886110.0
6613000140,8886110.0
8835210130,8886110.0
3782400190,8886110.0
379000051,8886110.0
3869900150,8886110.0
4322200050,8886110.0
8961980290,8886110.0
2558670110,8886110.0
1124000010,8886110.0
3869900138,8886110.0
7853300720,8886110.0
251300110,8886110.0
3904100041,8886110.0
7701990300,8886110.0
8682231190,8886110.0
7888200240,8886110.0
2025700730,8886110.0
3066410800,8886110.0
7576200040,8886110.0
2526069095,8886110.0
2781270530,8886110.0
3763300005,8886110.0
1523049083,8886110.0
923049468,8886110.0
3303700221,8886110.0
1502400140,8886110.0
2880100160,8886110.0
4083304535,8886110.0
8820902549,8886110.0
4139400060,8886110.0
1222069094,8886110.0
9367200205,8886110.0
2734100736,8886110.0
3856904580,8886110.0
3812400789,8886110.0
3303980090,8886110.0
1314300018,8886110.0
9522400350,8886110.0
7524350080,8886110.0
9406520260,8886110.0
3278602040,8886110.0
7696620100,8886110.0
3751600635,8886110.0
6365900065,8886110.0
8732800100,8886110.0
3876540410,8886110.0
7349660050,8886110.0
1036700220,8886110.0
5417600200,8886110.0
8732020310,8886110.0
6844703240,8886110.0
923059206,8886110.0
4038700220,8886110.0
2597520900,8886110.0
7203230040,8886110.0
8820903560,8886110.0
424069112,8886110.0
6056100102,8886110.0
1823069155,8886110.0
9412400220,8886110.0
6851700381,8886110.0
13001215,8886110.0
3630180340,8886110.0
6746701090,8886110.0
3832050760,8886110.0
369000690,8886110.0
6071900130,8886110.0
7266200085,8886110.0
1473120390,8886110.0
9523100458,8886110.0
4345000510,8886110.0
6600220090,8886110.0
8079040320,8886110.0
1357900060,8886110.0
3996900295,8886110.0
1442700250,8886110.0
5021900175,8886110.0
4365700130,147.41316
3876100320,8886110.0
2124069103,8886110.0
6700400140,8886110.0
7852090810,8886110.0
1454600038,8886110.0
4137000250,8886110.0
9826700726,8886110.0
6716700325,8886110.0
8562750300,8886110.0
9315600050,8886110.0
2790410250,8886110.0
7732410130,8886110.0
1387301730,8886110.0
1568100220,8886110.0
3975400085,8886110.0
339600110,8886110.0
7888400500,8886110.0
1842390130,8886110.0
7595700025,8886110.0
2158900140,8886110.0
6151800070,8886110.0
9294300515,8886110.0
1250202660,8886110.0
9106000005,8886110.0
5035300085,8886110.0
8898700440,8886110.0
723049197,8886110.0
2019200220,8886110.0
2926049408,8886110.0
4233600190,8886110.0
9268851860,8886110.0
5458800620,8886110.0
424069096,8886110.0
8150100265,8886110.0
2742100085,8886110.0
8045600130,8886110.0
8039900086,8886110.0
4131500190,8886110.0
1370802650,8886110.0
821049149,8886110.0
5104520460,8886110.0
5466750140,8886110.0
1703900155,8886110.0
8658303065,8886110.0
3298720030,147.41316
1839900080,8886110.0
1561600025,8886110.0
6064800410,8886110.0
621069102,8886110.0
7853360620,8886110.0
9385200045,8886110.0
7214770020,8886110.0
5412300100,8886110.0
2025701360,8886110.0
7334602070,8886110.0
8029200190,8886110.0
2622049052,8886110.0
3126049261,8886110.0
4443800705,8886110.0
2473420100,8886110.0
7922710520,8886110.0
3336001911,8886110.0
3797000300,8886110.0
5406500480,8886110.0
6706600090,8886110.0
1518000230,8886110.0
1250202990,8886110.0
6441800060,8886110.0
2141500070,8886110.0
9407101900,8886110.0
5451300117,8886110.0
326069132,8886110.0
7153400100,147.41316
3083000910,8886110.0
3021059304,8886110.0
2597530650,8886110.0
3972900215,8886110.0
2473420070,8886110.0
6115400008,8886110.0
8682220230,8886110.0
642150080,8886110.0
3775300030,8886110.0
5418200340,8886110.0
2424059119,8886110.0
7899800476,8886110.0
8598200070,8886110.0
2421059125,8886110.0
9528102771,8886110.0
7522500020,8886110.0
7202340720,8886110.0
3286800260,8886110.0
1121059105,147.41316
7504030220,8886110.0
4045100190,8886110.0
9406530090,8886110.0
7138000260,8886110.0
2600010390,8886110.0
2917200365,8886110.0
2191600780,8886110.0
7784000180,8886110.0
6149700194,8886110.0
8082400136,8886110.0
7202340930,8886110.0
1972200556,8886110.0
2767604170,8886110.0
3271301175,8886110.0
3223059303,8886110.0
7598100735,8886110.0
3348401490,8886110.0
1545803390,8886110.0
2296700050,8886110.0
3626500045,8886110.0
1596600060,8886110.0
3616600250,8886110.0
8078560140,8886110.0
1796360350,8886110.0
2770601763,8886110.0
3223069118,8886110.0
2473372040,8886110.0
3575302759,8886110.0
5706200170,8886110.0
1774000030,8886110.0
2224700136,8886110.0
1250200418,8886110.0
5416500840,8886110.0
7335400345,8886110.0
3776300010,8886110.0
8857320130,8886110.0
424069206,8886110.0
3592500985,147.41316
9828701295,8886110.0
2621750340,8886110.0
7334401000,8886110.0
3286800110,8886110.0
1722069097,8886110.0
3574770030,8886110.0
1336300610,8886110.0
7230900100,8886110.0
6141100320,8886110.0
2767602356,8886110.0
476000017,8886110.0
2558600100,8886110.0
3500100015,8886110.0
4074300150,8886110.0
8907500070,8886110.0
4388000260,8886110.0
2475900850,8886110.0
7852010900,8886110.0
318500300,8886110.0
9200000050,8886110.0
1026069106,8886110.0
205000120,8886110.0
2616800600,8886110.0
921049141,8886110.0
2023069059,8886110.0
7229900145,8886110.0
4376800010,147.41316
4389201095,8886110.0
826069127,8886110.0
2310000250,8886110.0
4058801225,8886110.0
6600220550,8886110.0
3585300194,8886110.0
2594200375,8886110.0
1102000514,8886110.0
1862400471,8886110.0
6928000440,8886110.0
9578060470,8886110.0
8732020670,8886110.0
1823069088,8886110.0
8712100350,8886110.0
3420069055,8886110.0
4229900140,8886110.0
8682280490,8886110.0
3830630310,8886110.0
5100400251,8886110.0
1737100830,8886110.0
1630700276,8886110.0
6326000205,8886110.0
3426049284,8886110.0
3814900260,8886110.0
7403200050,8886110.0
1725059252,8886110.0
8899200570,8886110.0
4137000700,8886110.0
1115300270,8886110.0
3904920380,8886110.0
2695600195,8886110.0
9542100135,8886110.0
1552510160,8886110.0
1823059241,8886110.0
2193320450,8886110.0
1122069006,8886110.0
7853340330,8886110.0
1954420380,8886110.0
7299600530,8886110.0
1760650670,8886110.0
6819100080,8886110.0
2767704649,8886110.0
2424059035,8886110.0
1566100400,8886110.0
5255690060,8886110.0
8860500130,8886110.0
7349650120,8886110.0
3291800670,8886110.0
3764650010,8886110.0
5416500950,8886110.0
7973202712,8886110.0
3291800120,8886110.0
9211500620,8886110.0
8643200020,8886110.0
9197100101,8886110.0
3531900060,8886110.0
8842400071,8886110.0
6844701680,8886110.0
6413600285,8886110.0
5196410260,8886110.0
824069121,8886110.0
3876313120,8886110.0
269000030,8886110.0
1560930070,8886110.0
4435000705,8886110.0
9542400025,8886110.0
2470200020,8886110.0
7519000580,8886110.0
1226059101,8886110.0
4449800063,8886110.0
2815600305,8886110.0
3821200050,8886110.0
2644900110,8886110.0
8058500005,8886110.0
1099760230,8886110.0
1954430180,8886110.0
7853360480,8886110.0
7229100040,8886110.0
1432400120,8886110.0
1898200080,8886110.0
4054520100,8886110.0
2568200140,8886110.0
587550010,8886110.0
4154303215,8886110.0
6358900070,8886110.0
3277801640,8886110.0
6209000165,8886110.0
6143000020,147.41316
2591780180,8886110.0
5412400170,8886110.0
5466350120,8886110.0
2877104196,8886110.0
3222059007,8886110.0
7957600025,8886110.0
2698200210,8886110.0
3764500230,8886110.0
414100630,8886110.0
8029740060,8886110.0
1426049054,8886110.0
546001060,8886110.0
3277801417,8886110.0
3630120970,8886110.0
2326059080,8886110.0
3278612370,8886110.0
4024700100,8886110.0
7697870860,8886110.0
8562900240,8886110.0
4059400585,8886110.0
5703000050,8886110.0
7701990560,8886110.0
1760650610,8886110.0
5408100035,8886110.0
1370800560,8886110.0
2880100240,8886110.0
3630060150,8886110.0
6071700020,8886110.0
2473002500,8886110.0
2768300650,8886110.0
3523089019,8886110.0
2787250190,8886110.0
9477940440,8886110.0
8732030440,8886110.0
236500050,8886110.0
993000100,8886110.0
5466700360,8886110.0
7203220300,8886110.0
8682292180,8886110.0
5209200010,8886110.0
7853360990,8886110.0
8663310010,8886110.0
2313900165,8886110.0
6114600030,8886110.0
3303990030,8886110.0
6679000960,8886110.0
8161000230,8886110.0
9510860060,8886110.0
1223089083,8886110.0
2721049059,8886110.0
2523039278,8886110.0
9826700707,8886110.0
2159900120,8886110.0
2767600635,8886110.0
3812400455,8886110.0
7852030960,8886110.0
319500080,8886110.0
1061500360,8886110.0
1787600209,8886110.0
7888700030,8886110.0
3623500260,8886110.0
4219400520,8886110.0
518500460,8886110.0
2500600297,8886110.0
7283900010,8886110.0
9225900055,8886110.0
4036800925,8886110.0
7967900150,8886110.0
1782000130,8886110.0
3163600015,8886110.0
254000075,147.41316
1424059022,8886110.0
2768200090,8886110.0
4319200505,8886110.0
1592000780,8886110.0
1687910100,8886110.0
5200100115,8886110.0
3751600176,8886110.0
5608010650,8886110.0
2051200506,8886110.0
2781280310,8886110.0
1023059190,8886110.0
2787310130,8886110.0
4358700100,8886110.0
3121069036,8886110.0
1959700225,8886110.0
3205500230,8886110.0
7974200937,8886110.0
6819100111,8886110.0
6146600175,8886110.0
1525069095,8886110.0
1231000510,8886110.0
4122700040,8886110.0
2426039314,8886110.0
2013200390,147.41316
1854900330,8886110.0
1923300135,8886110.0
582000135,8886110.0
587800130,8886110.0
7840800135,8886110.0
6116500366,8886110.0
6392002635,8886110.0
5361700020,8886110.0
106000395,8886110.0
7199330390,8886110.0
2484700155,8886110.0
4038300070,8886110.0
9407101850,8886110.0
293610040,8886110.0
7202360760,8886110.0
5608010750,8886110.0
7236500025,8886110.0
9144300120,8886110.0
1454100267,8886110.0
1377800135,8886110.0
7967700570,8886110.0
1562100220,8886110.0
2923039243,8886110.0
868002080,8886110.0
7137960460,8886110.0
1023089096,8886110.0
3262300818,8886110.0
8563050110,8886110.0
7137300245,8886110.0
4365200630,8886110.0
4100500070,8886110.0
3821400200,8886110.0
5379803386,147.41316
4237901075,8886110.0
8118600155,8886110.0
8946780080,8886110.0
1428000970,8886110.0
7011201004,8886110.0
2799800180,8886110.0
522059130,8886110.0
4315701163,8886110.0
3649100387,8886110.0
2125410210,8886110.0
3224900130,8886110.0
6798100661,8886110.0
3626039325,8886110.0
8730000270,8886110.0
6065301040,8886110.0
1665400165,8886110.0
2203500140,8886110.0
4058800875,8886110.0
5076700025,8886110.0
7853420110,8886110.0
7818700480,8886110.0
8658303080,8886110.0
3187600100,8886110.0
4077800518,8886110.0
2470100110,8886110.0
3451000206,8886110.0
1843200350,8886110.0
7904700126,8886110.0
9430000070,8886110.0
6003500749,8886110.0
7701990700,8886110.0
1310820150,8886110.0
3975400190,8886110.0
4100000050,8886110.0
7202270700,8886110.0
7370600020,8886110.0
126059225,8886110.0
106000015,8886110.0
4458800060,8886110.0
8944290090,8886110.0
8682250330,8886110.0
9834200390,8886110.0
3275880100,8886110.0
7227501190,8886110.0
1796100010,8886110.0
3831200210,8886110.0
2521039066,8886110.0
7701800050,8886110.0
3904960910,8886110.0
5647900670,8886110.0
7234600796,8886110.0
3021059244,8886110.0
7787400030,8886110.0
2051200436,8886110.0
8820901415,8886110.0
3523069047,8886110.0
9194101388,8886110.0
7277100610,8886110.0
9471200370,8886110.0
2767800140,8886110.0
3629870110,8886110.0
9136102057,8886110.0
8648900060,8886110.0
3678900110,8886110.0
2767600150,8886110.0
1972201511,8886110.0
6055000430,8886110.0
6624030050,8886110.0
2215450150,8886110.0
2767603824,8886110.0
3585900460,8886110.0
2922069134,8886110.0
9267200062,8886110.0
7228500425,8886110.0
1089000190,8886110.0
3359500960,8886110.0
5152100160,8886110.0
7230300060,8886110.0
2423059067,8886110.0
8016250060,8886110.0
2524059267,8886110.0
1438000440,8886110.0
3326069026,8886110.0
9353300600,8886110.0
8691410060,8886110.0
6332940070,8886110.0
1310980110,8886110.0
7428000120,8886110.0
3626079040,8886110.0
2722049077,8886110.0
984220290,8886110.0
5347200160,8886110.0
4154303655,8886110.0
2953000250,8886110.0
9523102447,8886110.0
5104511840,8886110.0
3448740250,8886110.0
4219400290,8886110.0
5152100060,8886110.0
3279000460,147.41316
1102001274,8886110.0
1251200155,8886110.0
2025700740,8886110.0
3820350050,8886110.0
1245000438,8886110.0
7853230200,8886110.0
3832200070,8886110.0
2926049400,8886110.0
1246700251,8886110.0
6372000155,8886110.0
7950300670,8886110.0
7518504130,8886110.0
9286100200,8886110.0
3992700585,8886110.0
7234600786,8886110.0
5476800069,8886110.0
1126059201,8886110.0
9527000090,8886110.0
402000115,8886110.0
8818400450,147.41316
2475900840,8886110.0
1437500015,8886110.0
2848700095,8886110.0
1529300135,8886110.0
2597520090,8886110.0
7812801125,8886110.0
3343903647,8886110.0
1951600250,8886110.0
9542840590,8886110.0
8081010040,8886110.0
3262301355,8886110.0
1861400068,8886110.0
3295900490,8886110.0
4345000440,8886110.0
4219400465,8886110.0
3797700030,8886110.0
3204300860,8886110.0
1930301555,8886110.0
8807300130,8886110.0
4391600035,8886110.0
5021900140,8886110.0
2946000590,8886110.0
686400210,8886110.0
3365900462,8886110.0
8682262170,8886110.0
7312400325,8886110.0
3760100100,8886110.0
3579000410,8886110.0
1773100755,8886110.0
7129300175,8886110.0
6303400965,8886110.0
1328320440,8886110.0
3686900025,8886110.0
1221039066,8886110.0
7950304095,8886110.0
3585900785,8886110.0
9455200329,8886110.0
629410130,8886110.0
1994200375,8886110.0
6669200370,8886110.0
7262200150,8886110.0
7504010750,8886110.0
5253300173,8886110.0
3395040200,8886110.0
322069109,8886110.0
4054510270,8886110.0
1710400005,8886110.0
8644300170,8886110.0
2450000290,8886110.0
6102400166,8886110.0
1934800087,8886110.0
3333000775,8886110.0
5393600509,8886110.0
621069039,8886110.0
3343903611,8886110.0
2954400020,8886110.0
7972000010,8886110.0
7214810510,8886110.0
5561300540,8886110.0
2634500070,8886110.0
6822100310,8886110.0
9201000100,8886110.0
1072100085,8886110.0
6190701146,8886110.0
3277800845,8886110.0
112900020,147.41316
1324059048,8886110.0
7979900126,8886110.0
7199330370,8886110.0
6381500720,8886110.0
8078550190,8886110.0
7853440140,8886110.0
6300000396,8886110.0
3374500250,8886110.0
3343901188,8886110.0
6979900010,8886110.0
7199340320,8886110.0
1112000125,8886110.0
9269200150,8886110.0
5104510210,8886110.0
925059219,8886110.0
100600320,8886110.0
1789900080,8886110.0
2123049142,8886110.0
2459900040,8886110.0
3902300450,8886110.0
7250000065,8886110.0
7823700005,8886110.0
3750605247,8886110.0
2771601730,8886110.0
3298600440,8886110.0
9141100005,8886110.0
8682262190,147.41316
9407111250,8886110.0
1336800010,8886110.0
2255500060,8886110.0
7950302345,8886110.0
8658303585,8886110.0
9184700600,8886110.0
8068000440,147.41316
1310000130,8886110.0
7853221330,8886110.0
1222029077,8886110.0
8562891100,8886110.0
2517000260,8886110.0
2225300149,8886110.0
8651410330,8886110.0
2413910050,8886110.0
9407100720,8886110.0
2112700920,8886110.0
3761700251,8886110.0
1036400100,8886110.0
3585300365,8886110.0
8562750060,8886110.0
2719100042,147.41316
952007055,8886110.0
925049318,8886110.0
7203220260,8886110.0
9320990140,8886110.0
8567450140,8886110.0
5379800810,8886110.0
7784000100,8886110.0
3992700475,8886110.0
7905380280,8886110.0
943100683,8886110.0
8029770470,8886110.0
2818600060,8886110.0
1226039124,8886110.0
726049184,8886110.0
795001930,8886110.0
339350150,8886110.0
1332700270,8886110.0
7548300170,8886110.0
6141100330,8886110.0
647100096,8886110.0
6744700423,8886110.0
2895800750,8886110.0
4046600220,8886110.0
8809200070,8886110.0
293700110,8886110.0
4178500440,8886110.0
4358700164,8886110.0
9197100263,8886110.0
2426039313,8886110.0
9468200163,8886110.0
475000190,8886110.0
7504180170,8886110.0
4036800170,8886110.0
2561330040,8886110.0
4123400340,8886110.0
524069115,8886110.0
4047200850,8886110.0
8651440230,8886110.0
3905030140,8886110.0
510000641,8886110.0
8663370020,8886110.0
2883200760,8886110.0
1980200384,8886110.0
9468200140,8886110.0
1796370150,8886110.0
9238900085,8886110.0
9191201325,8886110.0
2538400060,8886110.0
3758900037,8886110.0
2472920800,8886110.0
321030150,8886110.0
2571910100,8886110.0
1423910670,8886110.0
1118500030,8886110.0
1939000010,8886110.0
1776460190,8886110.0
7504400290,8886110.0
3448700070,8886110.0
7518501025,8886110.0
923059252,8886110.0
1431700210,8886110.0
8635760480,8886110.0
9175600025,8886110.0
7922720250,8886110.0
8944360390,8886110.0
8948500065,8886110.0
8669160310,8886110.0
6117502745,8886110.0
1789800020,8886110.0
226039186,8886110.0
6457000080,8886110.0
9557300080,8886110.0
8562790480,8886110.0
6430500008,8886110.0
1604590230,147.41316
9542850290,8886110.0
7831800395,8886110.0
3317500030,8886110.0
624101110,8886110.0
3654200039,8886110.0
7856000150,8886110.0
4338800685,8886110.0
3211230300,8886110.0
3904910650,8886110.0
3598600088,8886110.0
3796000400,8886110.0
7972601280,8886110.0
1450300050,8886110.0
7504050090,8886110.0
9202650130,8886110.0
2419600075,8886110.0
1224049005,8886110.0
7129303240,8886110.0
1922059135,8886110.0
7852020250,8886110.0
4139910180,8886110.0
4222300040,8886110.0
1024069027,8886110.0
8944600620,8886110.0
5040800060,8886110.0
1036400200,8886110.0
7899800915,8886110.0
3325069025,8886110.0
9408300310,8886110.0
1773100604,8886110.0
5451100490,8886110.0
9536602080,8886110.0
9828702055,8886110.0
3362401758,8886110.0
476000333,8886110.0
4364700730,8886110.0
5559200020,8886110.0
7522600110,8886110.0
104510440,8886110.0
8820901275,8886110.0
3298700125,8886110.0
323089172,8886110.0
5364200477,8886110.0
2222900082,8886110.0
6641800020,147.41316
9358001422,8886110.0
3438501150,8886110.0
2206500430,8886110.0
9272201318,8886110.0
585000095,8886110.0
7708210050,8886110.0
9407000840,8886110.0
4027701265,8886110.0
8644210050,8886110.0
8656800020,8886110.0
3329520170,8886110.0
5104520720,8886110.0
3806000005,147.41316
2330000015,8886110.0
1447600410,8886110.0
8641500252,8886110.0
6084600420,8886110.0
441000115,8886110.0
2597490030,8886110.0
650000030,8886110.0
3585210200,8886110.0
5416501030,8886110.0
5406500170,8886110.0
2916200065,8886110.0
3330501975,8886110.0
1774220070,8886110.0
8731730710,8886110.0
7861500150,8886110.0
1402630190,8886110.0
9117000230,8886110.0
7133300380,8886110.0
4232400470,8886110.0
1773100972,8886110.0
9413400165,8886110.0
7658600025,8886110.0
6909700040,8886110.0
1402900380,8886110.0
6625910100,8886110.0
3204900010,8886110.0
5162100820,8886110.0
5560000480,8886110.0
1704900303,8886110.0
8084900170,8886110.0
2887700091,8886110.0
4331400190,8886110.0
3762900130,8886110.0
52000067,8886110.0
5430300120,8886110.0
8956000460,8886110.0
8856950310,8886110.0
3364900156,8886110.0
9310300211,8886110.0
6448000020,8886110.0
123039570,8886110.0
7600065,8886110.0
3123039171,8886110.0
8964800445,8886110.0
7857000732,8886110.0
7525410090,8886110.0
9541600350,8886110.0
3186600515,8886110.0
4123820450,8886110.0
2505500030,8886110.0
1541700240,8886110.0
6629300120,147.41316
7399800150,8886110.0
9517200180,8886110.0
1313300340,8886110.0
7967650010,8886110.0
8807810090,8886110.0
8815400670,8886110.0
2310030500,8886110.0
2241700075,8886110.0
2287400030,8886110.0
2827100075,8886110.0
1310700390,8886110.0
5498100010,8886110.0
723000114,8886110.0
6431000987,8886110.0
3356407665,8886110.0
7852110050,8886110.0
8677900123,8886110.0
1917300260,8886110.0
3396800280,8886110.0
8691420050,8886110.0
9368700006,8886110.0
339600290,8886110.0
1592000250,8886110.0
1471701780,8886110.0
8928100205,147.41316
5029450100,8886110.0
5493110080,8886110.0
7883603750,8886110.0
1732800175,8886110.0
1518000290,8886110.0
8604900017,8886110.0
5379805160,8886110.0
1254200835,8886110.0
3179100482,8886110.0
3313600266,8886110.0
976000879,8886110.0
8819900220,8886110.0
2130701535,8886110.0
1176001124,8886110.0
7893805650,8886110.0
3885806840,8886110.0
3625600190,8886110.0
8562790150,8886110.0
7348200115,8886110.0
955000453,8886110.0
6817810310,8886110.0
4040400340,8886110.0
1644500050,8886110.0
8029500100,8886110.0
5244801230,8886110.0
1115100119,8886110.0
9542400010,8886110.0
423059387,8886110.0
4023500990,8886110.0
7899800857,8886110.0
2976800796,8886110.0
1074100020,8886110.0
446000010,8886110.0
7942601200,8886110.0
3575305495,8886110.0
8691310040,147.41316
6117500430,8886110.0
3924500130,8886110.0
2028701075,8886110.0
4330600360,8886110.0
1324079082,8886110.0
9268200484,8886110.0
9828701605,147.41316
7518506715,8886110.0
5315100277,8886110.0
3942900115,8886110.0
1561930020,8886110.0
9510970090,8886110.0
6163900821,8886110.0
9510300220,147.41316
3869900146,8886110.0
9262800208,8886110.0
2522029039,8886110.0
6865200095,8886110.0
3782760040,8886110.0
4237901250,8886110.0
2891000610,8886110.0
2749600095,8886110.0
5422810010,8886110.0
3629980350,8886110.0
2459500070,8886110.0
5113400364,8886110.0
7533800885,8886110.0
629410190,8886110.0
8651431100,8886110.0
7960100050,8886110.0
1842200040,8886110.0
425200205,8886110.0
9477201470,8886110.0
7905200365,8886110.0
6381500635,8886110.0
6052400175,8886110.0
1236300268,8886110.0
6072800265,8886110.0
3423049311,8886110.0
3755100540,8886110.0
7852150120,8886110.0
4180300050,8886110.0
7625701935,8886110.0
7132300550,8886110.0
3025059093,8886110.0
8161000220,8886110.0
7852011020,8886110.0
2599200160,8886110.0
5536500020,8886110.0
2095600150,8886110.0
8910500226,8886110.0
1681400010,8886110.0
1424069110,8886110.0
5127001620,8886110.0
7940710070,8886110.0
2413300980,8886110.0
7853400250,8886110.0
9542801310,8886110.0
1890000169,8886110.0
2720000120,8886110.0
9424400105,8886110.0
7888780090,8886110.0
3501100280,8886110.0
3905100220,8886110.0
723000150,8886110.0
8691310980,8886110.0
2297400250,8886110.0
2892600056,8886110.0
5273200080,8886110.0
5145100460,8886110.0
5561401260,8886110.0
7732650040,8886110.0
7504101280,8886110.0
8581400345,147.41316
7129302800,8886110.0
9551201560,8886110.0
1546600020,8886110.0
2648000071,8886110.0
3339900640,8886110.0
7853301240,8886110.0
943100262,8886110.0
7202430150,8886110.0
3558000120,8886110.0
3890600150,8886110.0
7452500315,8886110.0
7173700591,8886110.0
438000015,8886110.0
928000020,8886110.0
3830700010,8886110.0
3845100640,8886110.0
6675500112,8886110.0
1773100920,8886110.0
9485940330,8886110.0
5561000600,147.41316
1786830090,8886110.0
2011000020,8886110.0
8024200681,8886110.0
5452301810,8886110.0
5515600075,8886110.0
357000135,8886110.0
2541100010,8886110.0
1090000036,8886110.0
3459100300,8886110.0
2450000295,8886110.0
162500015,8886110.0
2592210290,8886110.0
5101405265,8886110.0
1122069019,8886110.0
7501000220,8886110.0
1310900140,8886110.0
3298700941,8886110.0
1972200382,8886110.0
5100402764,8886110.0
2623069069,8886110.0
6372000280,8886110.0
4305600240,8886110.0
2767602094,8886110.0
2500600289,8886110.0
7203160090,8886110.0
3521069146,8886110.0
824059321,8886110.0
9348700610,8886110.0
7228501745,8886110.0
6021503656,8886110.0
5437400630,8886110.0
2207100740,147.41316
7202000220,8886110.0
629811340,8886110.0
1324079029,8886110.0
418000010,8886110.0
6303400290,8886110.0
4139910030,8886110.0
3023039066,8886110.0
8698600395,8886110.0
2799800710,8886110.0
7351200050,8886110.0
8564860270,8886110.0
2591830020,8886110.0
4139420430,8886110.0
9828201725,8886110.0
2420069604,8886110.0
7224000315,8886110.0
3861470120,8886110.0
3222069151,8886110.0
3869900155,8886110.0
123039346,8886110.0
305010050,8886110.0
2141340040,8886110.0
7504021310,8886110.0
2436700315,8886110.0
8732750100,8886110.0
3298201290,8886110.0
9241900150,8886110.0
1180005220,8886110.0
5540000050,8886110.0
9211520400,8886110.0
2623029078,8886110.0
7132300695,8886110.0
6430500219,8886110.0
6084200100,8886110.0
7140200280,8886110.0
3904910610,8886110.0
7625701900,8886110.0
9432900560,8886110.0
1388600110,8886110.0
9126101201,8886110.0
4224100030,8886110.0
1109000390,8886110.0
3336000296,8886110.0
7504100590,8886110.0
2025701060,8886110.0
7527410080,8886110.0
2591840050,8886110.0
2767602490,8886110.0
5494000040,8886110.0
2473251090,8886110.0
3825500080,8886110.0
2309710150,8886110.0
8901001335,8886110.0
1781500435,8886110.0
8835220200,8886110.0
4037500335,8886110.0
1338300180,8886110.0
7968000120,8886110.0
686050100,8886110.0
1180008315,8886110.0
1657300280,8886110.0
7856600170,8886110.0
4154303125,8886110.0
3295730050,8886110.0
1777500090,8886110.0
203600470,8886110.0
6673050020,8886110.0
8731980680,8886110.0
2273600260,8886110.0
1000102,8886110.0
4197400005,8886110.0
3378100100,8886110.0
7856620210,8886110.0
9275700765,8886110.0
1246700136,8886110.0
4239400740,8886110.0
3306300630,8886110.0
2524049056,8886110.0
2023049245,8886110.0
3210400340,8886110.0
2621760350,8886110.0
526059183,8886110.0
8078460050,8886110.0
7504110050,8886110.0
3876312840,8886110.0
9268850350,8886110.0
8085400490,8886110.0
2722059185,8886110.0
3644100101,8886110.0
1321700030,8886110.0
5608000630,8886110.0
825059349,8886110.0
6083000071,8886110.0
9164100105,8886110.0
1425059145,8886110.0
5210200184,8886110.0
9477201370,8886110.0
2927600630,8886110.0
2619920170,8886110.0
1560930450,8886110.0
2896000510,8886110.0
3034200067,8886110.0
4025300360,8886110.0
3362401295,8886110.0
2391600555,8886110.0
7550801170,8886110.0
5347200175,8886110.0
8910500471,8886110.0
7199340560,8886110.0
9266700175,8886110.0
808300270,8886110.0
2487200875,8886110.0
8728100781,8886110.0
5379804888,8886110.0
6619510060,8886110.0
5416500680,8886110.0
1862400087,8886110.0
2126049277,8886110.0
4137000070,8886110.0
8081500060,8886110.0
686800065,8886110.0
5561100180,8886110.0
798000342,8886110.0
5603700095,8886110.0
7151700585,8886110.0
8129700565,8886110.0
2782100260,8886110.0
7011201106,8886110.0
2423069084,8886110.0
8141300300,8886110.0
6601200040,8886110.0
290200230,8886110.0
1423900220,8886110.0
7303200450,8886110.0
3755100220,8886110.0
796000235,8886110.0
7237501040,8886110.0
7203220400,8886110.0
9285800275,8886110.0
2061100435,8886110.0
6414100025,8886110.0
5317100750,8886110.0
6145601000,8886110.0
5634500775,8886110.0
7375300160,8886110.0
9558050360,8886110.0
4151800420,8886110.0
3751600146,8886110.0
5302400080,8886110.0
357000005,8886110.0
7283900306,8886110.0
3738900105,8886110.0
6822100305,8886110.0
7436000205,8886110.0
3295730040,8886110.0
1526300015,8886110.0
3294700101,8886110.0
8864000970,8886110.0
5469502700,8886110.0
8078520310,8886110.0
6154900130,8886110.0
8945200830,8886110.0
1085623630,8886110.0
4013800131,8886110.0
2287000010,8886110.0
546000930,8886110.0
4051100390,8886110.0
7203100120,8886110.0
7523850150,8886110.0
3826000665,8886110.0
1311800560,8886110.0
2877102180,8886110.0
3221059044,8886110.0
9169600110,8886110.0
9510920040,8886110.0
8813400155,8886110.0
3896100130,8886110.0
2568200740,8886110.0
1217000340,8886110.0
6430500086,8886110.0
5634500234,8886110.0
825049073,8886110.0
2391601445,8886110.0
7881500330,8886110.0
1721801591,8886110.0
2473390710,8886110.0
5634500891,8886110.0
5515600163,8886110.0
2560805630,8886110.0
8078350280,8886110.0
9477201060,8886110.0
8827901350,8886110.0
3560800040,8886110.0
3034200370,8886110.0
1328300040,8886110.0
2483200010,8886110.0
6071800480,8886110.0
6200017,8886110.0
8149600065,8886110.0
3362400615,8886110.0
7518502945,8886110.0
8001210120,8886110.0
8682280340,8886110.0
3623500408,8886110.0
3764650070,8886110.0
7937600380,8886110.0
923000580,8886110.0
217500005,147.41316
5419800510,8886110.0
8562901250,8886110.0
2212200100,8886110.0
2310100240,8886110.0
8582010240,8886110.0
8651410670,8886110.0
3330501645,8886110.0
8113101232,8886110.0
7849202190,8886110.0
1864700300,8886110.0
5231000060,8886110.0
1565900070,8886110.0
7555220140,8886110.0
7518505160,8886110.0
3322049005,8886110.0
808300550,8886110.0
66000265,8886110.0
2880100675,8886110.0
1524079156,8886110.0
3625700010,8886110.0
3259400024,8886110.0
3205000310,8886110.0
807800190,8886110.0
2783600210,8886110.0
9290870040,8886110.0
2561360120,8886110.0
8857100180,8886110.0
4388000070,8886110.0
3860900003,8886110.0
1176001119,8886110.0
6084600330,8886110.0
7985000100,8886110.0
8026200080,8886110.0
3210600010,8886110.0
7558300170,147.41316
7852180340,8886110.0
524069011,8886110.0
3361401011,8886110.0
6117502455,8886110.0
5602000025,8886110.0
4142450490,8886110.0
5306100255,8886110.0
1795900120,8886110.0
1193000280,8886110.0
9238480120,8886110.0
3630200780,8886110.0
1250201130,8886110.0
7796000095,8886110.0
8635760040,8886110.0
9476700135,8886110.0
5249804510,8886110.0
40000553,8886110.0
3204300625,8886110.0
2596400050,8886110.0
2724069103,8886110.0
3744000040,8886110.0
7525100590,8886110.0
3705900292,8886110.0
6169900790,8886110.0
8127700735,147.41316
3761700067,8886110.0
6065300570,8886110.0
4022902050,8886110.0
3886902590,8886110.0
4107100190,8886110.0
2909300150,8886110.0
384000135,8886110.0
1005000036,8886110.0
8856970530,8886110.0
3448900320,8886110.0
6713700100,8886110.0
2260300060,8886110.0
7273100026,8886110.0
1277000020,8886110.0
2620069113,8886110.0
4166800080,8886110.0
8731902680,8886110.0
2599200830,8886110.0
7569500010,8886110.0
1825069031,147.41316
4443801495,8886110.0
7805450110,8886110.0
3345700207,8886110.0
1560920450,8886110.0
3629950010,8886110.0
3782100035,8886110.0
5561400340,8886110.0
1898310110,8886110.0
2122039094,8886110.0
631000040,8886110.0
293000145,8886110.0
8121100015,8886110.0
3205200430,8886110.0
2475900565,8886110.0
1651500040,8886110.0
3955900500,8886110.0
7907600100,8886110.0
3123039136,8886110.0
3972900735,8886110.0
1424059130,8886110.0
6792200282,8886110.0
910000104,8886110.0
3751600784,8886110.0
946000295,8886110.0
7749500070,8886110.0
255550070,8886110.0
5151600340,8886110.0
5415300060,8886110.0
287000110,8886110.0
7585000110,8886110.0
8121200460,8886110.0
6891100090,8886110.0
7575600100,8886110.0
4240400140,8886110.0
4046500510,8886110.0
2944010240,8886110.0
3449820380,8886110.0
7203102140,8886110.0
8665900291,8886110.0
1775930010,8886110.0
1118001631,8886110.0
8911000445,8886110.0
117000100,8886110.0
9284800085,8886110.0
2795000080,8886110.0
123039207,8886110.0
1312200080,8886110.0
1236300290,8886110.0
7549800168,8886110.0
6891100260,8886110.0
6072000910,8886110.0
3226049184,8886110.0
1442880320,8886110.0
23500190,8886110.0
6021502070,8886110.0
4168000110,8886110.0
792000006,8886110.0
9558200210,8886110.0
3840700757,8886110.0
3876311650,147.41316
1328320800,8886110.0
5006000170,8886110.0
7575600430,147.41316
7686202580,8886110.0
2524069097,8886110.0
4292300024,8886110.0
2726049071,8886110.0
3526039019,8886110.0
3300701365,8886110.0
1274500170,8886110.0
7282300095,8886110.0
8562740440,8886110.0
3761100045,8886110.0
2877104265,8886110.0
7940710100,8886110.0
6071000030,8886110.0
6448000100,8886110.0
2923500230,8886110.0
6751300375,8886110.0
7214810350,8886110.0
1088800470,8886110.0
7129300420,8886110.0
6149700405,147.41316
9521100855,8886110.0
1861400116,8886110.0
2787460720,8886110.0
6073240060,8886110.0
291310100,8886110.0
1247100035,8886110.0
2626069030,8886110.0
1326059085,8886110.0
6447300265,8886110.0
8651401270,8886110.0
3524039209,8886110.0
3226069049,8886110.0
7548300425,8886110.0
1438000360,8886110.0
1777600900,8886110.0
5244800695,8886110.0
3387900390,8886110.0
1954700615,8886110.0
1026049036,8886110.0
1683500180,8886110.0
1939130420,8886110.0
2021200530,8886110.0
993002325,8886110.0
2780900220,8886110.0
2540800390,8886110.0
2919700540,8886110.0
2787250090,8886110.0
8651442520,8886110.0
100600860,8886110.0
1437580480,8886110.0
3886902505,8886110.0
173000140,8886110.0
5151800045,8886110.0
3010300240,8886110.0
2085200261,8886110.0
1839500065,8886110.0
1049010300,8886110.0
1328340540,8886110.0
8887001625,8886110.0
5332200320,8886110.0
7137960030,8886110.0
5468780250,8886110.0
2436200715,8886110.0
5137800030,8886110.0
1068000520,8886110.0
5379805121,8886110.0
7445000105,8886110.0
7942601895,8886110.0
1727850350,8886110.0
9407150310,8886110.0
5569620550,8886110.0
3179100480,8886110.0
3624039111,8886110.0
7844200050,8886110.0
3304040020,8886110.0
7739100155,8886110.0
6099400053,8886110.0
7468900270,8886110.0
396100025,8886110.0
1160000255,8886110.0
6300000320,8886110.0
6392000570,8886110.0
7387500235,8886110.0
1121000058,8886110.0
9828702120,8886110.0
7715800310,8886110.0
8562740370,8886110.0
5637500070,8886110.0
5561400470,8886110.0
1189000205,8886110.0
2412100025,8886110.0
1073100065,8886110.0
5160300020,8886110.0
2770601677,8886110.0
5104450070,8886110.0
820079043,8886110.0
751000190,147.41316
1823049179,8886110.0
7430200060,8886110.0
3331000035,8886110.0
1775910370,8886110.0
3626039299,8886110.0
1546600125,8886110.0
3260810150,8886110.0
6817800330,8886110.0
414100045,8886110.0
1326039061,8886110.0
4055700030,8886110.0
1225069038,8886110.0
2296700260,8886110.0
2822049160,8886110.0
3395300260,8886110.0
5144000036,8886110.0
809002290,8886110.0
7334501410,8886110.0
421049114,8886110.0
2623069010,8886110.0
1133000144,147.41316
705710290,8886110.0
7313200120,8886110.0
1269200150,8886110.0
9264930970,8886110.0
6819100020,8886110.0
5112800421,8886110.0
7846700850,8886110.0
7227501450,8886110.0
5451210150,8886110.0
4140900140,8886110.0
3537900180,8886110.0
7738500475,8886110.0
3541600450,147.41316
5379800040,8886110.0
6664900330,8886110.0
6056100312,8886110.0
7766200013,8886110.0
8651720470,8886110.0
5690500095,8886110.0
5423010180,8886110.0
3204300610,8886110.0
3425059066,8886110.0
7856660130,8886110.0
2954400520,8886110.0
2327000110,8886110.0
9526600340,8886110.0
7695500200,8886110.0
7237501180,8886110.0
2008000550,8886110.0
1123059126,8886110.0
1775500371,147.41316
3459900230,8886110.0
2619950310,8886110.0
1771100330,8886110.0
1321059097,8886110.0
2420069278,8886110.0
3832050570,8886110.0
7132300525,8886110.0
8691410700,8886110.0
7967000150,8886110.0
1328300810,8886110.0
711000110,8886110.0
9485951460,8886110.0
1771000970,8886110.0
2817100900,8886110.0
6817800630,8886110.0
3558900450,8886110.0
7215400770,8886110.0
4222000320,8886110.0
2791500270,8886110.0
424069018,8886110.0
9547205180,8886110.0
5631500947,8886110.0
1425059193,8886110.0
567000775,8886110.0
3904900610,8886110.0
3649100346,8886110.0
1624049228,8886110.0
1559900080,147.41316
2919702040,8886110.0
4013800206,8886110.0
1025039292,8886110.0
2771604640,8886110.0
7203600550,8886110.0
1545802830,8886110.0
3303910010,8886110.0
8617000060,8886110.0
7889600190,8886110.0
3325069064,8886110.0
6300000337,8886110.0
1172000150,8886110.0
3348401319,8886110.0
4188000490,8886110.0
7779200355,8886110.0
8029900110,147.41316
4060000290,8886110.0
9475710040,8886110.0
798000535,8886110.0
6415100410,8886110.0
4299700095,8886110.0
6117500955,8886110.0
2421039075,8886110.0
3362401935,8886110.0
1545800205,8886110.0
7645900235,8886110.0
4141000060,8886110.0
9485800050,8886110.0
2436700280,8886110.0
7335400400,8886110.0
9294300495,8886110.0
6649300190,8886110.0
7950303270,8886110.0
2391601010,8886110.0
8129700728,8886110.0
7871500685,8886110.0
1498304065,8886110.0
3862710010,8886110.0
9209900335,8886110.0
952006857,8886110.0
2322069168,8886110.0
1775801090,8886110.0
5700002165,8886110.0
4029400080,8886110.0
7796100080,8886110.0
9279700150,8886110.0
3876200060,8886110.0
2934800025,147.41316
9359100101,8886110.0
3330500335,8886110.0
4027700466,8886110.0
3204800430,8886110.0
5415350770,8886110.0
1443550020,8886110.0
2810600022,8886110.0
1238500281,8886110.0
2591020140,8886110.0
7137900960,8886110.0
1328340630,8886110.0
3529200190,8886110.0
1624049291,8886110.0
4083301120,8886110.0
1873100060,8886110.0
1773101159,8886110.0
7214700350,8886110.0
3856902250,8886110.0
7169500130,8886110.0
4038300010,8886110.0
9578500810,8886110.0
3345100184,8886110.0
452001860,8886110.0
7905200037,8886110.0
9376301110,8886110.0
873900240,8886110.0
8682262400,8886110.0
7227500910,8886110.0
2392100090,8886110.0
3221079050,8886110.0
4307320280,8886110.0
3211270170,147.41316
726059483,8886110.0
424049043,8886110.0
6865200140,8886110.0
1155640050,8886110.0
4139430250,8886110.0
818500100,8886110.0
7999600180,8886110.0
4099501215,8886110.0
4046700140,8886110.0
8857600490,8886110.0
8677900120,8886110.0
5379805253,8886110.0
9211510410,8886110.0
2337000150,8886110.0
1423049029,8886110.0
4036800580,8886110.0
3942900010,8886110.0
3438502715,8886110.0
7625702441,8886110.0
3905100610,8886110.0
2218000335,8886110.0
3034200516,8886110.0
8024200625,8886110.0
8564500020,8886110.0
9550202700,8886110.0
7518508625,8886110.0
1822350070,8886110.0
8921000040,8886110.0
6648150090,8886110.0
2402100675,8886110.0
42000127,8886110.0
5100401160,8886110.0
7347600507,8886110.0
1839910300,8886110.0
1250201550,8886110.0
9460000010,8886110.0
3356402232,8886110.0
6819100150,8886110.0
8645501330,8886110.0
1556200005,8886110.0
40000228,8886110.0
7300410010,8886110.0
4299000030,8886110.0
2629600016,8886110.0
662310900,8886110.0
1909600046,8886110.0
7893207490,8886110.0
2524049318,8886110.0
924069210,8886110.0
1591600527,8886110.0
98000060,8886110.0
6392002020,8886110.0
2719100400,8886110.0
8018600655,8886110.0
2141500020,8886110.0
3277801580,8886110.0
7237500110,8886110.0
626100023,8886110.0
4319200820,8886110.0
1422029138,8886110.0
9517200610,8886110.0
7334600280,8886110.0
8820902400,8886110.0
8944600060,8886110.0
100100050,8886110.0
8074200100,8886110.0
1836980240,8886110.0
6648500440,8886110.0
9530100225,8886110.0
2883200875,8886110.0
4218400175,8886110.0
1022069183,8886110.0
6398000171,8886110.0
5021900160,8886110.0
8078410250,8886110.0
7972602490,8886110.0
1962200435,8886110.0
7221400285,8886110.0
273900030,8886110.0
2708450020,8886110.0
4083306616,8886110.0
3034200435,8886110.0
7855000550,8886110.0
871000155,8886110.0
8024201714,8886110.0
2625069038,8886110.0
2324800350,8886110.0
5450900010,8886110.0
1822039225,8886110.0
2460700700,8886110.0
6679001060,8886110.0
2422059111,8886110.0
1250200345,8886110.0
5589300370,8886110.0
2021201000,8886110.0
4302200336,8886110.0
1328330290,8886110.0
3438500781,8886110.0
5453700020,8886110.0
123039147,8886110.0
8691310070,147.41316
6450303785,8886110.0
114100234,8886110.0
9212900820,8886110.0
4270600025,8886110.0
7201600190,147.41316
521049227,8886110.0
6300500479,8886110.0
1432600100,8886110.0
1024000109,8886110.0
1430800100,8886110.0
9164100125,8886110.0
1925069183,8886110.0
7852160080,8886110.0
5317100780,8886110.0
4083304835,8886110.0
9478400080,8886110.0
4463400195,8886110.0
4232901525,8886110.0
3845101070,8886110.0
1843130980,8886110.0
3810000480,8886110.0
7137960440,8886110.0
1231001115,8886110.0
5101405340,8886110.0
3723800409,8886110.0
8651430370,8886110.0
6135300010,8886110.0
23520380,8886110.0
2935400100,8886110.0
6137500320,8886110.0
7841300230,8886110.0
3521069051,8886110.0
2621400080,8886110.0
5104530240,8886110.0
2022069200,8886110.0
5469501850,8886110.0
9206950110,8886110.0
3298300210,8886110.0
2810600015,8886110.0
7298050090,8886110.0
7202290620,8886110.0
3211290370,8886110.0
1591600506,8886110.0
2827100070,8886110.0
2482410130,8886110.0
4364200125,8886110.0
6388910730,147.41316
7436500120,8886110.0
1822059156,8886110.0
9432750190,8886110.0
2205700405,8886110.0
6056111370,8886110.0
3205500160,8886110.0
6139100076,8886110.0
723069135,8886110.0
4123830070,8886110.0
2472920740,8886110.0
6134500220,8886110.0
2734100395,8886110.0
3574800090,8886110.0
3126049107,8886110.0
669000210,8886110.0
1139000620,8886110.0
3825311190,8886110.0
7300400320,8886110.0
9407150250,8886110.0
3679400503,8886110.0
641900050,8886110.0
9169100130,8886110.0
8091800140,147.41316
9547201155,8886110.0
4154302045,8886110.0
6638900265,8886110.0
1423069063,8886110.0
3335000025,8886110.0
9269200650,8886110.0
1781500180,8886110.0
9211500520,8886110.0
1853080150,8886110.0
2767704756,8886110.0
2206700295,8886110.0
2557000380,8886110.0
11520200,8886110.0
3832710680,8886110.0
2569500210,8886110.0
5230300210,8886110.0
6447300225,8886110.0
5035300325,8886110.0
7853301660,8886110.0
5411800250,8886110.0
7203210170,8886110.0
4302200415,8886110.0
7942100290,8886110.0
3629860160,8886110.0
1423069076,8886110.0
525049085,8886110.0
3306200230,8886110.0
2193310300,8886110.0
7978800621,8886110.0
4027700632,8886110.0
1761100190,8886110.0
2749600245,8886110.0
322069141,8886110.0
1900000035,8886110.0
3361400190,8886110.0
1604602050,8886110.0
9421500160,8886110.0
7788400180,8886110.0
1566100625,8886110.0
3861500340,8886110.0
2524069072,8886110.0
3013300980,8886110.0
4191500130,8886110.0
9407150130,8886110.0
3904902500,8886110.0
9510900140,8886110.0
3368900084,8886110.0
3432501415,8886110.0
4254000540,8886110.0
2767603250,8886110.0
2923501130,8886110.0
9183703045,8886110.0
5279100675,8886110.0
3905080310,8886110.0
2461900375,8886110.0
3346300356,8886110.0
1865000110,8886110.0
9264930400,8886110.0
3447000100,8886110.0
2313900510,8886110.0
7518507330,8886110.0
9368700270,8886110.0
1137400420,8886110.0
2023069054,8886110.0
2141320230,8886110.0
9536601295,8886110.0
2424400130,8886110.0
5210200081,8886110.0
4443800785,8886110.0
7292700005,8886110.0
9834201205,8886110.0
3275800050,8886110.0
6926700654,8886110.0
7511000140,8886110.0
6821101895,8886110.0
8964800695,8886110.0
6821100195,8886110.0
1226059105,8886110.0
2806300070,8886110.0
1720069029,8886110.0
6384300020,8886110.0
8928100125,8886110.0
8562770720,8886110.0
8650300130,8886110.0
2126059172,147.41316
8812401450,8886110.0
6646200280,8886110.0
4021100045,147.41316
1155620190,8886110.0
6061000010,8886110.0
3362400472,8886110.0
9558020240,8886110.0
7309100270,8886110.0
7137950210,8886110.0
7849200635,8886110.0
1311200460,8886110.0
284000095,8886110.0
1509700050,8886110.0
3438503014,8886110.0
9406450090,147.41316
5096300140,8886110.0
8923600020,8886110.0
809001070,8886110.0
2291400342,8886110.0
644210020,8886110.0
6700390090,8886110.0
5631500285,8886110.0
104560120,8886110.0
6413100311,8886110.0
2558700090,8886110.0
1471590060,8886110.0
8914100170,8886110.0
5652601035,8886110.0
7852120140,8886110.0
6163900952,8886110.0
5215200050,8886110.0
6352600490,8886110.0
3912000020,8886110.0
8830400135,8886110.0
5467500040,8886110.0
9406570300,8886110.0
109200390,8886110.0
2025770310,8886110.0
1939120450,8886110.0
7524900003,8886110.0
3755000120,8886110.0
2473002850,8886110.0
7625703945,8886110.0
9477000190,8886110.0
1727500230,8886110.0
7011201087,8886110.0
5561300750,8886110.0
3969300030,8886110.0
8097000330,8886110.0
2025049064,8886110.0
985001321,8886110.0
1775500050,8886110.0
8849300160,8886110.0
2316400285,8886110.0
2423020180,8886110.0
7128300500,8886110.0
9512501400,8886110.0
7200179,8886110.0
5490210670,8886110.0
9527000330,8886110.0
1972200326,8886110.0
4151800195,8886110.0
4046500320,8886110.0
9834200885,8886110.0
8161020050,8886110.0
2891000750,8886110.0
3426049031,8886110.0
7387500195,8886110.0
6303400395,8886110.0
638100015,8886110.0
4107100204,8886110.0
537000255,8886110.0
985001266,8886110.0
1137410040,8886110.0
7229900250,8886110.0
3905100840,8886110.0
8100400160,8886110.0
1346300150,8886110.0
1443501020,8886110.0
5490700035,8886110.0
1954600050,8886110.0
8122100690,8886110.0
3663000070,8886110.0
5101406375,8886110.0
426059055,8886110.0
9268850160,8886110.0
8731800840,8886110.0
3331001910,8886110.0
7603100020,8886110.0
809002705,8886110.0
4364200075,8886110.0
1113000430,8886110.0
1176001117,8886110.0
3320000212,8886110.0
9286000150,8886110.0
301400830,8886110.0
425059024,8886110.0
8835350300,147.41316
7100000135,8886110.0
7696600240,8886110.0
9808640320,8886110.0
3764500180,8886110.0
326049060,8886110.0
4017110200,8886110.0
7224500300,8886110.0
1560930050,8886110.0
726059395,8886110.0
8964800890,8886110.0
4045500620,8886110.0
8562710250,8886110.0
1775800710,8886110.0
9528102865,8886110.0
8096000060,8886110.0
1591000015,8886110.0
2310000430,8886110.0
3902300350,8886110.0
4068300280,8886110.0
8732130730,8886110.0
6791100410,147.41316
7660100236,8886110.0
2568200070,8886110.0
7697870310,8886110.0
8562901100,8886110.0
4016800120,8886110.0
7338200180,8886110.0
6791400320,8886110.0
616000200,8886110.0
2917200675,8886110.0
2926049086,8886110.0
3621059048,8886110.0
7987401095,8886110.0
5589900590,8886110.0
855700170,8886110.0
4030500130,8886110.0
1755700060,8886110.0
2413900050,8886110.0
2489200250,8886110.0
420000085,8886110.0
8106300820,8886110.0
8651730580,8886110.0
8106300090,8886110.0
9842300095,8886110.0
9477000280,8886110.0
2877102495,8886110.0
868001030,8886110.0
8564860110,8886110.0
6762700452,8886110.0
3294700310,8886110.0
7231501665,8886110.0
7525900050,8886110.0
7882600326,8886110.0
104550690,8886110.0
3425059076,8886110.0
8835770170,8886110.0
2581300010,8886110.0
844000180,8886110.0
7888100240,8886110.0
3845100670,8886110.0
4027700812,8886110.0
291310390,8886110.0
9550200370,8886110.0
2328800130,8886110.0
2372800100,8886110.0
2923039264,8886110.0
9282801720,8886110.0
9520900230,8886110.0
985000955,8886110.0
1099600090,8886110.0
9211010320,8886110.0
3825310820,8886110.0
9545240180,8886110.0
87000245,8886110.0
5041300100,8886110.0
3624039150,8886110.0
1370804430,8886110.0
722079056,8886110.0
9126100815,8886110.0
1770000490,8886110.0
3995700250,8886110.0
7214820400,8886110.0
2473411130,8886110.0
1824059079,8886110.0
3080000030,8886110.0
984200540,8886110.0
524059063,8886110.0
9482700475,8886110.0
8024200820,8886110.0
8568700015,8886110.0
1223089050,8886110.0
2205500400,8886110.0
1279300085,8886110.0
7376300085,8886110.0
322069020,8886110.0
291310150,8886110.0
724069059,8886110.0
5255200220,8886110.0
1931300850,8886110.0
4427100105,8886110.0
2881700231,8886110.0
8641500280,8886110.0
5406500440,8886110.0
8078390150,8886110.0
8945300090,8886110.0
8819901030,8886110.0
3179100220,8886110.0
2126079046,8886110.0
2621750350,8886110.0
4014400190,8886110.0
7853420110,8886110.0
2114700368,8886110.0
3438501081,8886110.0
6850700670,8886110.0
3352402272,8886110.0
4157600150,8886110.0
8151600941,8886110.0
5160300030,8886110.0
3820350120,8886110.0
7338000800,8886110.0
3359500110,8886110.0
8016300240,8886110.0
7203120050,8886110.0
3322049201,8886110.0
7231502505,8886110.0
8106100105,8886110.0
3895100039,147.41316
1001200035,8886110.0
2724201202,8886110.0
4038100110,8886110.0
8827900015,8886110.0
2644900109,8886110.0
302000375,8886110.0
1604600095,8886110.0
2600040160,8886110.0
2129700525,8886110.0
603000555,8886110.0
4083302225,8886110.0
7298000090,8886110.0
2484700015,8886110.0
8945100320,8886110.0
5112800042,8886110.0
8091411100,8886110.0
7375100070,8886110.0
7577700061,8886110.0
7923700030,8886110.0
4235400186,8886110.0
1498303700,8886110.0
3876312350,8886110.0
3797001815,8886110.0
868002015,8886110.0
597000550,8886110.0
8956200530,8886110.0
2207100165,8886110.0
7942100180,8886110.0
2468800040,8886110.0
9842300036,8886110.0
5700003985,8886110.0
2988000070,8886110.0
8857320260,8886110.0
2600040130,8886110.0
6632900452,8886110.0
7518505910,8886110.0
1672000170,8886110.0
2597800010,8886110.0
8562790720,8886110.0
4219401080,147.41316
7000100711,8886110.0
7954000125,8886110.0
5700003640,8886110.0
5700000275,8886110.0
4019301205,8886110.0
8943600360,8886110.0
2954400400,8886110.0
1321400060,8886110.0
2255500123,8886110.0
2781260070,8886110.0
1313000220,8886110.0
1125069153,8886110.0
8899000310,8886110.0
4139450360,147.41316
5511600315,8886110.0
3575302575,8886110.0
3226049054,8886110.0
274100090,8886110.0
1545802080,8886110.0
6669020500,8886110.0
3307700405,8886110.0
3760500407,8886110.0
7853270100,8886110.0
9320350020,8886110.0
7715800430,8886110.0
6791400100,8886110.0
7708000010,8886110.0
1448800010,8886110.0
1782500035,8886110.0
3449500050,8886110.0
2856100515,8886110.0
1245000461,8886110.0
1219000043,8886110.0
5409800110,8886110.0
2680700010,8886110.0
8143100350,8886110.0
2597150270,8886110.0
2966800010,8886110.0
8854000010,8886110.0
2207200635,8886110.0
1722059222,8886110.0
9358002305,8886110.0
6392001950,8886110.0
3630080070,8886110.0
3797001702,8886110.0
8127700440,8886110.0
1446400785,8886110.0
5016002275,8886110.0
2818100060,8886110.0
6431000748,8886110.0
7972600450,8886110.0
8078570380,8886110.0
7889601320,147.41316
1762600280,8886110.0
3026059085,8886110.0
3475000080,8886110.0
1370802620,8886110.0
5151600285,8886110.0
2722049218,8886110.0
7696300080,8886110.0
4168100020,8886110.0
1474000050,8886110.0
2473480350,8886110.0
1139600270,8886110.0
6699940120,8886110.0
7016100120,8886110.0
6752510010,8886110.0
7915100490,8886110.0
984210170,8886110.0
6159400030,8886110.0
3013300968,8886110.0
6404600006,8886110.0
2770602170,8886110.0
1922059401,8886110.0
291300010,8886110.0
3856905185,8886110.0
7304300905,8886110.0
3416600185,147.41316
1786810040,8886110.0
4354700010,8886110.0
3902100175,8886110.0
4305600360,8886110.0
3622069114,8886110.0
4376700570,8886110.0
6795100589,8886110.0
3344500085,8886110.0
2206500105,8886110.0
8731900880,8886110.0
1682000160,8886110.0
5104200380,8886110.0
1982201595,8886110.0
795002190,8886110.0
7228500375,8886110.0
9412200280,8886110.0
5071401000,8886110.0
597000566,8886110.0
8151600101,8886110.0
2028700265,8886110.0
1670400090,8886110.0
7851980100,8886110.0
5595900345,8886110.0
4046700300,8886110.0
4324210120,8886110.0
2616800050,8886110.0
1525079069,8886110.0
9828201020,8886110.0
2723069146,8886110.0
9468200100,8886110.0
2883200961,8886110.0
1137300690,8886110.0
2473100280,8886110.0
723049448,8886110.0
3066410810,8886110.0
5700003280,8886110.0
9268200440,8886110.0
4053200410,8886110.0
1234000704,8886110.0
2473372170,8886110.0
2523039239,8886110.0
4324500490,8886110.0
238000244,8886110.0
1105000571,8886110.0
1771000430,8886110.0
666000142,8886110.0
3389900800,8886110.0
3578700017,8886110.0
3629970190,8886110.0
255450250,8886110.0
1154100205,8886110.0
3629890190,8886110.0
3905080870,8886110.0
8155820110,8886110.0
5135000170,8886110.0
2464400435,8886110.0
9482700080,8886110.0
318900080,8886110.0
9477001410,8886110.0
825079019,8886110.0
1471701200,8886110.0
5606000120,8886110.0
7853350220,8886110.0
1776460110,8886110.0
3904920980,8886110.0
8087800430,8886110.0
3298200320,8886110.0
9122500080,8886110.0
7893804845,147.41316
1370803730,8886110.0
8001450170,8886110.0
5561400260,8886110.0
7308600010,8886110.0
3524039060,8886110.0
7300400150,8886110.0
207700050,8886110.0
5595900355,8886110.0
2652500285,8886110.0
6744701310,8886110.0
525069127,8886110.0
3334000050,8886110.0
8682220390,8886110.0
4038700380,8886110.0
8073000265,8886110.0
9521100960,8886110.0
5634500688,8886110.0
6813600440,8886110.0
1072010350,8886110.0
7853301700,8886110.0
5141000571,8886110.0
2013802060,8886110.0
7852070210,8886110.0
1402970070,8886110.0
2310040020,8886110.0
646910560,8886110.0
6647400090,8886110.0
8682231110,8886110.0
4376700330,8886110.0
8069000075,8886110.0
7147600220,8886110.0
4142450330,8886110.0
5101404698,8886110.0
6154500070,8886110.0
1592000640,8886110.0
3756900027,8886110.0
7203220130,8886110.0
643300010,8886110.0
8651720150,8886110.0
4139400910,8886110.0
5054800110,8886110.0
8835200330,8886110.0
7682200340,8886110.0
7203600745,8886110.0
1895000260,8886110.0
7922750020,8886110.0
5437200050,8886110.0
8732160250,8886110.0
1442870440,8886110.0
1471700410,8886110.0
3204800330,8886110.0
1923000160,8886110.0
2719100013,147.41316
3814900380,8886110.0
326049038,8886110.0
1068000110,8886110.0
8835800010,8886110.0
1560920200,8886110.0
1668500090,8886110.0
2597530070,8886110.0
1139000035,8886110.0
8032700072,8886110.0
7732300390,8886110.0
5130000080,8886110.0
9276200890,8886110.0
342000036,8886110.0
5126300060,8886110.0
2331300505,8886110.0
8651410090,8886110.0
200800330,8886110.0
7520000616,8886110.0
7170200110,8886110.0
3021059155,8886110.0
3582900280,8886110.0
7340600845,8886110.0
3905040060,8886110.0
3224800120,8886110.0
6021503740,8886110.0
2570300130,8886110.0
8121100395,8886110.0
3356404198,8886110.0
3630090050,8886110.0
923000413,8886110.0
9201300020,8886110.0
1777600210,8886110.0
7738500731,8886110.0
686900010,8886110.0
7967000160,8886110.0
3413700130,147.41316
7852190290,8886110.0
1180007375,8886110.0
3353404510,8886110.0
7802900380,8886110.0
8021700715,8886110.0
3205100080,8886110.0
4477000290,8886110.0
1118001645,8886110.0
7979900806,8886110.0
7228500415,8886110.0
7212660640,8886110.0
3826000735,8886110.0
7714000250,8886110.0
4400200057,8886110.0
2487200279,8886110.0
7140700690,8886110.0
3304300080,8886110.0
2887950110,8886110.0
3760500222,8886110.0
9269200786,8886110.0
3734900110,8886110.0
5045700400,8886110.0
2140950130,8886110.0
2612000200,8886110.0
8563300085,8886110.0
2425059173,8886110.0
8091410930,8886110.0
9422400035,147.41316
1112000100,8886110.0
1323089056,8886110.0
5015000596,8886110.0
1535204165,8886110.0
1438000430,8886110.0
3222059130,8886110.0
1982200330,8886110.0
6624010010,8886110.0
2303900035,8886110.0
259600620,8886110.0
6072500490,8886110.0
123039633,8886110.0
8562780090,8886110.0
5249802240,8886110.0
6071200400,8886110.0
826069002,8886110.0
2625079030,8886110.0
6742700210,8886110.0
9253900408,8886110.0
2560803085,8886110.0
1237500540,8886110.0
425069020,8886110.0
9185700440,8886110.0
8656300345,8886110.0
4245400045,8886110.0
9834201370,8886110.0
7853300770,8886110.0
9551201295,8886110.0
898000220,8886110.0
3834000720,8886110.0
1245500690,8886110.0
4083304190,8886110.0
4178300080,8886110.0
2960900045,8886110.0
1446801030,8886110.0
7855800910,8886110.0
7853310150,8886110.0
8732131090,147.41316
7967600285,8886110.0
8651520510,8886110.0
5379802650,8886110.0
1425059174,8886110.0
627300105,8886110.0
3124089049,8886110.0
1778350270,8886110.0
8691500410,8886110.0
9169600043,8886110.0
100300500,8886110.0
3221069054,8886110.0
4443800385,8886110.0
7922710450,8886110.0
7880020030,8886110.0
3288020050,8886110.0
4136980090,8886110.0
1687000240,8886110.0
7812801785,8886110.0
1126059144,8886110.0
792500260,8886110.0
3222049055,8886110.0
8635750090,8886110.0
2767601280,8886110.0
5347200162,8886110.0
7503800210,8886110.0
3394100020,8886110.0
7663700783,8886110.0
9454200030,8886110.0
3791500050,8886110.0
582000185,8886110.0
3211230260,8886110.0
323059103,8886110.0
7297700055,8886110.0
1545805460,8886110.0
2341800195,8886110.0
6648700150,8886110.0
3860900035,8886110.0
1980200236,8886110.0
1180002745,8886110.0
3275890310,8886110.0
6840701100,8886110.0
8651402750,8886110.0
1588600045,8886110.0
2422029094,8886110.0
1702901500,8886110.0
3755100005,8886110.0
3624039074,8886110.0
7950302995,8886110.0
5273200060,8886110.0
8025700460,8886110.0
280610020,8886110.0
3333002450,8886110.0
7379600240,8886110.0
4058802300,8886110.0
302000065,8886110.0
9527000180,8886110.0
3626039403,8886110.0
9510900360,8886110.0
2310040230,8886110.0
7308900490,8886110.0
2206900065,8886110.0
324059161,8886110.0
7345310100,8886110.0
2422049107,8886110.0
8146100095,8886110.0
87000283,8886110.0
7937600010,8886110.0
2618300350,8886110.0
224069102,8886110.0
7129302095,8886110.0
7352200025,8886110.0
6163900333,8886110.0
3528960020,8886110.0
1687000220,8886110.0
4141400030,8886110.0
1822500160,8886110.0
5467910190,8886110.0
9331800580,8886110.0
2407000405,8886110.0
5466700290,8886110.0
3026059361,8886110.0
1523069096,8886110.0
3876312010,8886110.0
8832900135,8886110.0
9238900616,8886110.0
4142450040,8886110.0
9282800065,8886110.0
5379800862,8886110.0
2459950010,8886110.0
4435000520,8886110.0
1552800010,8886110.0
7549800543,8886110.0
9828200460,8886110.0
6345000160,8886110.0
7129304105,8886110.0
4302201005,8886110.0
2450500110,147.41316
5166700050,8886110.0
1085623710,8886110.0
1123049129,8886110.0
8566100200,8886110.0
1774000780,8886110.0
9492500170,8886110.0
686530530,8886110.0
4022907770,8886110.0
6052400975,8886110.0
3438502501,8886110.0
3758900023,8886110.0
1645000580,8886110.0
8099200030,8886110.0
7635801371,8886110.0
3456000310,8886110.0
2025059150,8886110.0
2624039114,8886110.0
3348401095,8886110.0
6633900170,8886110.0
2600000510,8886110.0
9414700020,8886110.0
3204800520,8886110.0
1844500025,8886110.0
4137010590,8886110.0
8564950280,8886110.0
1338800491,8886110.0
4058801702,8886110.0
461004720,8886110.0
6819100380,8886110.0
1193000390,8886110.0
3450300270,8886110.0
3110800040,8886110.0
1437910090,8886110.0
3645500050,147.41316
4338800600,8886110.0
2114700530,8886110.0
6381500450,8886110.0
9206950200,8886110.0
4232900940,8886110.0
1025049174,8886110.0
7774200070,8886110.0
1231000310,8886110.0
8155870200,8886110.0
7935000625,8886110.0
2426049079,8886110.0
4037500230,8886110.0
2331550120,8886110.0
7974200765,8886110.0
686200510,8886110.0
4024100670,8886110.0
3834500195,8886110.0
3526059115,8886110.0
7950304075,8886110.0
1386800054,8886110.0
9834200165,8886110.0
6147650300,8886110.0
6891800360,8886110.0
9170500060,8886110.0
65000260,8886110.0
7784400130,8886110.0
7941140070,8886110.0
2122049096,8886110.0
6003000851,8886110.0
7203220050,8886110.0
8898700960,8886110.0
5245600105,8886110.0
3530470190,8886110.0
7883603965,8886110.0
4022902505,8886110.0
3211100240,8886110.0
5119010090,8886110.0
3821000100,8886110.0
7301300050,8886110.0
2171400197,8886110.0
9471201175,8886110.0
2473450200,8886110.0
2258500045,8886110.0
1139000400,8886110.0
3298701025,8886110.0
1498302774,8886110.0
9276200190,8886110.0
2909300240,8886110.0
1250200693,8886110.0
3101500010,8886110.0
2557000630,8886110.0
1324300091,8886110.0
2826049260,8886110.0
3342100421,8886110.0
3524049083,8886110.0
9103000393,8886110.0
3121059033,8886110.0
7853240200,8886110.0
7950700120,8886110.0
1822059057,8886110.0
1219000473,8886110.0
9272201385,8886110.0
1336800185,8886110.0
9268851630,8886110.0
2788400315,8886110.0
3529000930,8886110.0
5631500967,8886110.0
2188201010,8886110.0
8562970040,8886110.0
4415600030,8886110.0
2473251170,8886110.0
7511200020,8886110.0
1163400020,8886110.0
5412400180,8886110.0
255450400,8886110.0
1687000210,8886110.0
6749700004,8886110.0
2738650030,8886110.0
9136100420,8886110.0
1924069115,8886110.0
714000155,8886110.0
904000045,8886110.0
3395070640,8886110.0
6308000010,8886110.0
2695600130,8886110.0
3626039279,8886110.0
1623089039,8886110.0
3438501327,8886110.0
8118600025,8886110.0
7625703435,8886110.0
1807900300,8886110.0
1862900360,8886110.0
2768100186,8886110.0
2524059269,8886110.0
1126059108,8886110.0
7856610130,8886110.0
7203000200,8886110.0
3630120700,8886110.0
1612500090,8886110.0
3586500620,8886110.0
5207200360,8886110.0
6675500035,8886110.0
1781500385,8886110.0
1150900080,8886110.0
9541600355,8886110.0
7525530670,8886110.0
844000375,8886110.0
9578140180,8886110.0
9558041130,8886110.0
1788800910,8886110.0
9550200225,8886110.0
8643200055,8886110.0
6143000020,147.41316
8941100095,8886110.0
3630010020,8886110.0
2895800610,8886110.0
822039084,8886110.0
5423600080,8886110.0
3992700775,8886110.0
3816700150,8886110.0
4083302485,8886110.0
5127000810,8886110.0
1725059182,8886110.0
9485930120,8886110.0
293850040,8886110.0
8731981940,8886110.0
3330501545,8886110.0
1026069061,8886110.0
8121200710,8886110.0
3764390100,8886110.0
9493200010,8886110.0
2902201301,8886110.0
3444120130,8886110.0
5256500025,8886110.0
4022902715,8886110.0
871001500,8886110.0
2329700440,8886110.0
1773100275,8886110.0
7852160070,8886110.0
2141330560,8886110.0
2505500009,8886110.0
8647800150,8886110.0
4337000200,8886110.0
9264901680,8886110.0
1773101050,8886110.0
9320990120,8886110.0
8856960280,8886110.0
5589300585,8886110.0
7935000595,8886110.0
7203150080,8886110.0
5616000030,8886110.0
825059178,8886110.0
6666830390,8886110.0
8732900840,8886110.0
2095800520,8886110.0
1771000760,8886110.0
1901600090,8886110.0
8857600680,8886110.0
4038700830,8886110.0
8956200070,8886110.0
8081500050,8886110.0
567000755,8886110.0
424069264,8886110.0
1564000410,8886110.0
2817100910,8886110.0
3303960080,8886110.0
3340401535,8886110.0
1622059095,8886110.0
3278601940,8886110.0
7202380120,8886110.0
745500010,8886110.0
6608500220,147.41316
8024201055,8886110.0
8929000140,8886110.0
859000160,8886110.0
8673400061,8886110.0
1269200229,8886110.0
6705850300,8886110.0
3395040550,8886110.0
1697000370,8886110.0
5245600120,8886110.0
8892900180,8886110.0
1794500360,8886110.0
2025049192,8886110.0
1930301325,8886110.0
4217402162,8886110.0
8126300410,8886110.0
3345700215,8886110.0
2887701420,8886110.0
2887701251,8886110.0
4036100175,8886110.0
6762700515,8886110.0
3192000085,8886110.0
226059096,8886110.0
9238900855,8886110.0
6706200130,8886110.0
2744000010,8886110.0
7202271060,8886110.0
7923200150,8886110.0
162500030,8886110.0
2571910210,8886110.0
1523059105,8886110.0
6052401215,8886110.0
6626100260,8886110.0
8925100115,8886110.0
5459500165,8886110.0
7686202635,8886110.0
1118001370,8886110.0
122029066,8886110.0
8039900130,8886110.0
3262300235,8886110.0
8860500300,8886110.0
8956000250,8886110.0
1646501920,8886110.0
9284801500,8886110.0
1442880380,8886110.0
1311500020,8886110.0
254000695,8886110.0
9477101280,8886110.0
9510970530,8886110.0
6891800500,8886110.0
9407000230,8886110.0
7202340590,8886110.0
8151600590,8886110.0
9407001600,8886110.0
1771000690,8886110.0
1525069134,8886110.0
8645540040,8886110.0
9414500200,8886110.0
7883607645,8886110.0
3845100140,8886110.0
2726049164,8886110.0
4340610040,8886110.0
1245003006,8886110.0
1105000373,8886110.0
6083000123,8886110.0
1777600450,8886110.0
9558000100,8886110.0
2473002060,8886110.0
943100689,8886110.0
7544800395,147.41316
1931300090,8886110.0
7936000252,8886110.0
7987400316,8886110.0
5152700060,8886110.0
1721801025,8886110.0
3438501450,8886110.0
9222400510,8886110.0
1796700160,8886110.0
323059208,8886110.0
3392100050,8886110.0
4038500210,8886110.0
6324000090,8886110.0
7549802535,8886110.0
3343900326,8886110.0
5701700640,8886110.0
5249803185,8886110.0
8838900032,8886110.0
1237500577,8886110.0
8642600090,8886110.0
3303100075,8886110.0
2133020020,8886110.0
7950302890,8886110.0
2770601734,8886110.0
2538410140,8886110.0
8159600360,8886110.0
917000300,8886110.0
2391600330,8886110.0
9285800585,8886110.0
2005950050,8886110.0
6450301835,8886110.0
2473480520,8886110.0
2818600010,8886110.0
952006728,8886110.0
3422049088,8886110.0
3629870420,8886110.0
1079350090,8886110.0
1509500060,8886110.0
4039000050,8886110.0
5288200230,8886110.0
626400020,8886110.0
5457300095,8886110.0
5000500055,8886110.0
324000530,8886110.0
6713100031,8886110.0
3316500200,8886110.0
3124059006,8886110.0
1125079111,8886110.0
7852020300,8886110.0
123039364,8886110.0
7883603190,8886110.0
9828700900,8886110.0
6821100015,8886110.0
9522100375,8886110.0
2420069201,8886110.0
7504110330,8886110.0
475000510,8886110.0
2425059074,8886110.0
7518503685,8886110.0
5466400550,8886110.0
7852150720,8886110.0
3066400140,8886110.0
3298400470,8886110.0
2902200874,8886110.0
9500900110,8886110.0
8835200160,8886110.0
6056100295,8886110.0
1858600042,8886110.0
7224500010,8886110.0
5457801925,8886110.0
7575620750,8886110.0
2391600735,8886110.0
6192400180,8886110.0
5249803870,8886110.0
3575302880,8886110.0
7225000045,8886110.0
5561720180,8886110.0
1972200428,8886110.0
892000025,8886110.0
2944510080,8886110.0
2428100100,8886110.0
6647400250,8886110.0
121059038,8886110.0
6398000191,8886110.0
526059103,8886110.0
8856960720,8886110.0
3832500260,8886110.0
1623089025,147.41316
3625710080,8886110.0
6446200060,8886110.0
5706200370,8886110.0
5515600088,8886110.0
8029500360,8886110.0
6700390150,8886110.0
642500080,8886110.0
6150700264,8886110.0
2473371780,8886110.0
3905120540,8886110.0
2652501215,8886110.0
3176100110,8886110.0
7574910650,8886110.0
6385800030,8886110.0
4443800960,8886110.0
8731951490,147.41316
3380900125,8886110.0
9828701508,8886110.0
6699950310,8886110.0
3321049112,8886110.0
1824079052,8886110.0
8032700140,8886110.0
8679600150,8886110.0
5040800120,8886110.0
2026059119,8886110.0
4024100951,8886110.0
7212650990,8886110.0
936000060,8886110.0
6181500340,8886110.0
1137400050,8886110.0
3324079092,8886110.0
4268200055,8886110.0
6145602240,8886110.0
475000176,8886110.0
3279000120,8886110.0
9392200030,8886110.0
3438500714,8886110.0
4306500070,8886110.0
8588000610,8886110.0
792500190,8886110.0
2461900850,8886110.0
2660500365,8886110.0
5451210100,8886110.0
2787000040,8886110.0
3278602670,8886110.0
9528100899,8886110.0
1324079085,8886110.0
9477001140,8886110.0
9521100880,8886110.0
7853210060,8886110.0
1326069094,8886110.0
3420069065,8886110.0
5468730280,8886110.0
5437600140,8886110.0
5127000410,8886110.0
5445300050,8886110.0
3375300360,8886110.0
9297800165,8886110.0
6021500840,8886110.0
4323700230,8886110.0
643000110,8886110.0
8043700105,8886110.0
6824100014,8886110.0
9542830480,8886110.0
736100065,8886110.0
2592210510,8886110.0
4233600260,8886110.0
1266200015,8886110.0
2787700060,8886110.0
8843900396,8886110.0
8029500380,8886110.0
5292200010,8886110.0
1773100980,8886110.0
2886200070,8886110.0
8594400110,8886110.0
9268850180,8886110.0
4141800285,8886110.0
3188100007,8886110.0
1796380960,8886110.0
7202330030,8886110.0
8078440140,8886110.0
7983200060,8886110.0
4427100025,8886110.0
2113700510,147.41316
6446200305,8886110.0
3425079088,8886110.0
3304040130,8886110.0
3222069153,8886110.0
5127000470,8886110.0
7525100520,8886110.0
1868902745,8886110.0
2920700220,8886110.0
1105000780,8886110.0
8563080020,8886110.0
3630090110,8886110.0
856000195,8886110.0
8649401000,8886110.0
1315300095,8886110.0
6802200670,8886110.0
1523069022,147.41316
2624049165,8886110.0
1972202080,8886110.0
7211340030,8886110.0
8850000180,8886110.0
2787250080,8886110.0
4235401055,8886110.0
5226500250,8886110.0
3294700421,8886110.0
322069180,8886110.0
1025059186,8886110.0
1923039022,8886110.0
1402600110,8886110.0
6817810190,8886110.0
434000030,8886110.0
6056110460,8886110.0
4337000285,8886110.0
5710610250,8886110.0
1049010620,8886110.0
5112800234,8886110.0
2309000060,8886110.0
2985800030,8886110.0
1604601570,8886110.0
1563102435,8886110.0
257000105,147.41316
6788201440,8886110.0
1442300005,8886110.0
4055700784,8886110.0
3889100029,8886110.0
4139450760,8886110.0
6079500230,8886110.0
259601010,8886110.0
3980300020,8886110.0
9390700100,8886110.0
7200001005,8886110.0
9264920250,8886110.0
8682260470,8886110.0
4083303815,8886110.0
7383450250,8886110.0
253600180,8886110.0
1450000210,8886110.0
1133000100,147.41316
7511000050,8886110.0
5710600030,8886110.0
4178300310,8886110.0
3041700570,8886110.0
1238500978,8886110.0
431500155,8886110.0
2937300050,8886110.0
1352300315,8886110.0
3277800823,8886110.0
8895800110,8886110.0
9274200318,8886110.0
1118001805,8886110.0
629810720,8886110.0
6852700476,8886110.0
7345200650,8886110.0
8929000290,8886110.0
5506500170,8886110.0
8899000140,8886110.0
4006000423,8886110.0
7137910140,8886110.0
2423020010,8886110.0
40000362,8886110.0
1657000070,8886110.0
2124700015,8886110.0
1887500045,8886110.0
6838000170,8886110.0
1310910290,8886110.0
3599600276,8886110.0
8142000080,8886110.0
8856971000,8886110.0
624100950,8886110.0
2767704332,8886110.0
405100165,8886110.0
6117501755,8886110.0
8961950410,8886110.0
1523550480,8886110.0
6840701160,8886110.0
3331500650,8886110.0
1862400517,8886110.0
9558021000,8886110.0
1310800090,8886110.0
5104511040,8886110.0
522059189,8886110.0
3448720020,8886110.0
1310700330,8886110.0
5649600462,8886110.0
1853000510,8886110.0
8128700005,8886110.0
6352600210,8886110.0
3754500010,8886110.0
1962200475,8886110.0
1773100765,8886110.0
8895800200,8886110.0
1310900260,8886110.0
809001525,8886110.0
2624049103,8886110.0
9191200380,8886110.0
6600060120,8886110.0
8150100045,8886110.0
9558010190,8886110.0
4038700930,8886110.0
2883200775,8886110.0
4036800910,8886110.0
8673400177,8886110.0
7110000068,8886110.0
3279000240,8886110.0
9545230280,8886110.0
8815400105,8886110.0
6738700075,8886110.0
8732030490,8886110.0
9532000070,8886110.0
7752400075,8886110.0
3824100051,8886110.0
2768000270,8886110.0
108000127,8886110.0
844000225,8886110.0
6817850040,8886110.0
4447300137,8886110.0
8598900125,8886110.0
5072410070,8886110.0
7129300520,8886110.0
3830210020,8886110.0
4137040250,8886110.0
3022079080,8886110.0
722039087,8886110.0
3924500040,8886110.0
2473381090,8886110.0
2201500490,8886110.0
9265410090,8886110.0
9286750100,8886110.0
2023700040,8886110.0
324000280,8886110.0
3814800280,8886110.0
7697100030,8886110.0
8731900790,8886110.0
8044700010,8886110.0
6123600100,8886110.0
1450100390,8886110.0
579000550,8886110.0
2459000020,8886110.0
5016000315,8886110.0
1193000190,8886110.0
4038700730,8886110.0
1556200265,8886110.0
6600410170,8886110.0
642800130,8886110.0
1043000100,8886110.0
7809200055,8886110.0
7010700308,8886110.0
8680500090,8886110.0
2719100355,8886110.0
7905200147,8886110.0
271200130,8886110.0
326049103,8886110.0
8682211030,8886110.0
1070000390,8886110.0
8648700450,8886110.0
2695600410,8886110.0
8562710640,8886110.0
1525200060,8886110.0
1822039138,8886110.0
2767601375,147.41316
3425069117,8886110.0
952004570,8886110.0
7625702616,8886110.0
9818700430,8886110.0
2822059091,8886110.0
1775900220,8886110.0
6371000079,8886110.0
293760150,8886110.0
1336800880,8886110.0
2771600550,8886110.0
3905040040,8886110.0
7787110060,8886110.0
7708250040,8886110.0
4022901316,8886110.0
191100235,8886110.0
7852050220,8886110.0
3293700480,8886110.0
2597450620,8886110.0
6169900580,8886110.0
2767602855,8886110.0
810000080,8886110.0
6392000625,8886110.0
1865810290,8886110.0
1568100380,8886110.0
5249804760,8886110.0
1337801060,8886110.0
6181410950,8886110.0
9264900660,8886110.0
9122001231,8886110.0
4427100030,8886110.0
7334400070,8886110.0
425079001,8886110.0
7436500360,8886110.0
1245001295,8886110.0
1310500550,8886110.0
4047200950,8886110.0
9103000455,8886110.0
2291400341,8886110.0
3876100310,8886110.0
7131300031,8886110.0
7853380510,8886110.0
7409700215,8886110.0
5248800250,8886110.0
126039323,8886110.0
6632300207,8886110.0
3826501060,8886110.0
8024202520,8886110.0
3343901401,8886110.0
6431000005,8886110.0
9232900075,8886110.0
3056700150,8886110.0
5104511250,8886110.0
3658700510,8886110.0
2895110062,8886110.0
7454000990,8886110.0
4038700680,8886110.0
7811220070,8886110.0
8091670030,8886110.0
3438503045,8886110.0
6388900710,8886110.0
7956300020,8886110.0
1775930440,8886110.0
1762600190,8886110.0
6600400260,8886110.0
8728550150,8886110.0
8155500110,8886110.0
9169600135,8886110.0
1777600490,8886110.0
125059179,8886110.0
7558700030,8886110.0
1702900624,147.41316
3343901403,8886110.0
5101400994,8886110.0
5547500050,8886110.0
1705400350,8886110.0
629810800,8886110.0
4104900150,8886110.0
7888000390,8886110.0
4140900270,8886110.0
6649900030,8886110.0
820000012,8886110.0
6151800080,8886110.0
7454001060,8886110.0
8682262330,8886110.0
1566100010,8886110.0
1180500070,8886110.0
1112630130,8886110.0
3101500090,8886110.0
8682310220,8886110.0
4032500035,8886110.0
1623800440,8886110.0
1088400190,8886110.0
751000080,8886110.0
6675500070,8886110.0
2193340140,8886110.0
522049074,8886110.0
3204500340,8886110.0
5104200470,8886110.0
7517500611,8886110.0
2946002140,8886110.0
7631800110,8886110.0
3529300330,8886110.0
3885801970,8886110.0
5456000570,8886110.0
4123810090,8886110.0
4037000635,8886110.0
8079030350,8886110.0
1726069060,8886110.0
6858700225,8886110.0
3356406510,8886110.0
5423030040,8886110.0
3111300040,8886110.0
259800060,8886110.0
1972202320,8886110.0
5100403818,8886110.0
1422700040,8886110.0
3625049014,8886110.0
7852011040,8886110.0
1201500010,8886110.0
7195800009,8886110.0
9407001320,8886110.0
9508850100,8886110.0
1328340380,8886110.0
3885804305,8886110.0
7128300630,8886110.0
7574000080,8886110.0
3744000150,8886110.0
2607720150,8886110.0
7203190110,8886110.0
3904902430,8886110.0
11501160,8886110.0
9209900315,8886110.0
9465910030,8886110.0
3622069103,8886110.0
3288301010,8886110.0
4395600060,8886110.0
7694200380,8886110.0
9552700550,8886110.0
9264921110,8886110.0
6738700225,8886110.0
293620220,8886110.0
7525300310,8886110.0
3992700036,8886110.0
3577300040,147.41316
3812400202,8886110.0
2402100055,8886110.0
1853080790,8886110.0
1994200260,8886110.0
1339300025,8886110.0
7616200050,8886110.0
4022902555,8886110.0
9528102110,8886110.0
6613001241,8886110.0
3205400240,8886110.0
6065300840,8886110.0
7852040080,147.41316
1920079039,147.41316
2817910030,8886110.0
1563102880,8886110.0
8561200110,8886110.0
629000605,8886110.0
2781270440,8886110.0
6152900273,8886110.0
3303950130,8886110.0
6411600113,8886110.0
4055700167,8886110.0
291310310,8886110.0
9523100550,8886110.0
724069070,8886110.0
2408800120,8886110.0
7559600200,8886110.0
8165500790,8886110.0
7856620870,8886110.0
1588600040,8886110.0
1023059246,8886110.0
1938000140,8886110.0
6061400160,8886110.0
4167300350,8886110.0
8649400790,8886110.0
173000036,8886110.0
225039049,8886110.0
8043700300,8886110.0
3834000400,8886110.0
4054530260,8886110.0
8724300010,8886110.0
9358002232,8886110.0
3298700012,8886110.0
1125059071,8886110.0
3885805300,8886110.0
5315100784,8886110.0
3861400030,8886110.0
7202340010,8886110.0
7272001805,8886110.0
2781250230,8886110.0
1042700300,147.41316
123039279,8886110.0
3760500336,8886110.0
6979940100,8886110.0
686300880,8886110.0
5214500690,8886110.0
6021502250,8886110.0
1320069223,8886110.0
2871000300,8886110.0
2724069117,8886110.0
1159400220,8886110.0
2571900380,8886110.0
5528600050,8886110.0
7686202730,8886110.0
2225059118,8886110.0
2558630350,8886110.0
3655400060,8886110.0
9558200080,8886110.0
1796100015,8886110.0
3378900020,8886110.0
5416500040,8886110.0
8856004582,8886110.0
3812400107,8886110.0
6126601445,8886110.0
2997800021,8886110.0
1211000280,8886110.0
766800090,8886110.0
3224079005,8886110.0
619000100,8886110.0
4319200620,8886110.0
626059335,8886110.0
3340401570,147.41316
7015200800,8886110.0
8106300510,8886110.0
1446110020,8886110.0
2872900280,8886110.0
8965500320,8886110.0
7853300070,8886110.0
5652601455,8886110.0
7579200915,8886110.0
2641400160,8886110.0
203900460,8886110.0
2998800040,8886110.0
7519000170,8886110.0
923000425,8886110.0
2973800030,8886110.0
6430500182,8886110.0
7304301010,8886110.0
3861470110,8886110.0
2296500136,8886110.0
6790950150,8886110.0
8123100045,8886110.0
3142600130,8886110.0
7137970130,8886110.0
8656800190,8886110.0
7135300046,8886110.0
3629960680,8886110.0
1133000385,8886110.0
1085621960,8886110.0
9542802000,8886110.0
8151600973,8886110.0
7019000050,8886110.0
6021501920,8886110.0
7399300420,8886110.0
7548300731,147.41316
5316100220,8886110.0
5152600090,8886110.0
1703400470,8886110.0
7316400070,8886110.0
5561300380,8886110.0
2215450100,8886110.0
8635750330,8886110.0
9492500140,8886110.0
5315100393,8886110.0
8588000315,8886110.0
7524200180,8886110.0
4235400255,8886110.0
326069131,8886110.0
4077800026,8886110.0
9477000120,8886110.0
5608000590,8886110.0
4137050130,8886110.0
5249801440,8886110.0
9264901510,8886110.0
5437820250,8886110.0
200500410,8886110.0
9407111100,8886110.0
126039252,8886110.0
6141100255,8886110.0
3013300830,8886110.0
3271300955,8886110.0
3021059276,8886110.0
9542000050,8886110.0
2769600035,8886110.0
3824100364,8886110.0
1726069202,8886110.0
7327500270,8886110.0
1189000207,8886110.0
2472950160,8886110.0
9558040050,8886110.0
3438503120,8886110.0
9407150240,8886110.0
1370804295,8886110.0
5700001100,8886110.0
6837820030,8886110.0
5411600210,8886110.0
5061300030,8886110.0
525069133,8886110.0
2121000250,8886110.0
3179100720,8886110.0
2780700050,8886110.0
1545805820,8886110.0
5702380630,8886110.0
9211010260,8886110.0
7129300595,8886110.0
6802200100,8886110.0
3304030140,8886110.0
2623039019,8886110.0
104500730,8886110.0
2924069132,8886110.0
1775500310,8886110.0
8114000040,8886110.0
2011400021,8886110.0
7525570020,147.41316
2917200615,8886110.0
7697000170,8886110.0
7871500070,8886110.0
7215722010,8886110.0
6300000378,8886110.0
7159200005,8886110.0
8946410040,8886110.0
3893100327,8886110.0
635000009,8886110.0
2322069116,8886110.0
2760200050,8886110.0
3432500210,8886110.0
5700000245,8886110.0
7588700177,8886110.0
9178600135,8886110.0
9830200475,8886110.0
8562780160,8886110.0
9826701665,8886110.0
7504010900,147.41316
2770606915,8886110.0
1254200075,8886110.0
2473450430,8886110.0
1433290010,8886110.0
7586200061,147.41316
6841700070,8886110.0
9826701320,8886110.0
8943600720,8886110.0
6791900260,8886110.0
2301400640,8886110.0
7979900210,8886110.0
4037200665,8886110.0
984000650,8886110.0
2937300060,8886110.0
8731982190,8886110.0
1445200190,8886110.0
952003285,8886110.0
1402970020,8886110.0
2487700274,8886110.0
8113101670,8886110.0
8682300400,8886110.0
809002435,8886110.0
4045900147,8886110.0
2991000400,8886110.0
9456200405,8886110.0
5104510370,8886110.0
9414610240,8886110.0
2111010760,8886110.0
1854900430,8886110.0
2624300080,8886110.0
3645100280,8886110.0
1433100010,8886110.0
9533600100,8886110.0
6743700030,8886110.0
9294300070,8886110.0
2114700540,8886110.0
7853280550,8886110.0
868000175,8886110.0
1446401290,8886110.0
9109000050,8886110.0
8856004327,8886110.0
2329800110,8886110.0
3031200230,8886110.0
7582700075,8886110.0
2422049104,8886110.0
9274202885,8886110.0
1770000090,8886110.0
9500900430,8886110.0
7305900082,8886110.0
3336000170,8886110.0
5680000455,8886110.0
9808630210,8886110.0
8807810110,8886110.0
3824100211,8886110.0
3423059153,8886110.0
3937900120,8886110.0
524059323,8886110.0
4305600250,8886110.0
1257201375,8886110.0
853600150,147.41316
2424059174,8886110.0
5205000400,8886110.0
2658000115,8886110.0
3055800020,8886110.0
357000025,8886110.0
5666300010,8886110.0
4167700210,8886110.0
9187200275,8886110.0
2960900040,8886110.0
1021049022,8886110.0
7750500120,8886110.0
7153200160,8886110.0
4406000390,8886110.0
629800380,8886110.0
2026049125,8886110.0
6117502230,8886110.0
3379100130,8886110.0
2472920140,8886110.0
7214720075,8886110.0
1771110070,8886110.0
5127001600,8886110.0
6666860210,8886110.0
5467200055,8886110.0
7819000040,8886110.0
3790700070,8886110.0
6362900138,8886110.0
597000593,8886110.0
8032700070,8886110.0
9301300215,8886110.0
8902500118,8886110.0
6607000095,8886110.0
2163900081,8886110.0
7732500270,8886110.0
3856903515,8886110.0
2557000400,8886110.0
4386700135,8886110.0
7399000360,8886110.0
